"WebProductId","PlayProductId","WebPriceKRW","PlayKRPrice","ProvidedSystems","CatalogChapters","OrderId","ResultPath","RecoveryPath"
"saju_mackerel","UNVERIFIED_NOT_FOR_SALE","1000","UNVERIFIED","saju","5","yn-{consultationId}","/yeongnyangi/result/?id={consultationId}","/yeongnyangi/library/"
"saju_salmon","cd_content_tier_01","3000","UNVERIFIED","saju","8","yn-{consultationId}","/yeongnyangi/result/?id={consultationId}","/yeongnyangi/library/"
"saju_flounder","cd_content_tier_02","5000","UNVERIFIED","saju","11","yn-{consultationId}","/yeongnyangi/result/?id={consultationId}","/yeongnyangi/library/"
"saju_tuna","cd_content_tier_06","10000","10000","saju","15","yn-{consultationId}","/yeongnyangi/result/?id={consultationId}","/yeongnyangi/library/"
"ziwei_mackerel","UNVERIFIED_NOT_FOR_SALE","1000","UNVERIFIED","ziwei","5","yn-{consultationId}","/yeongnyangi/result/?id={consultationId}","/yeongnyangi/library/"
"ziwei_salmon","cd_content_tier_01","3000","UNVERIFIED","ziwei","8","yn-{consultationId}","/yeongnyangi/result/?id={consultationId}","/yeongnyangi/library/"
"ziwei_flounder","cd_content_tier_02","5000","UNVERIFIED","ziwei","11","yn-{consultationId}","/yeongnyangi/result/?id={consultationId}","/yeongnyangi/library/"
"ziwei_tuna","cd_content_tier_06","10000","10000","ziwei","15","yn-{consultationId}","/yeongnyangi/result/?id={consultationId}","/yeongnyangi/library/"
"sukuyo_mackerel","UNVERIFIED_NOT_FOR_SALE","1000","UNVERIFIED","sukuyo","5","yn-{consultationId}","/yeongnyangi/result/?id={consultationId}","/yeongnyangi/library/"
"sukuyo_salmon","cd_content_tier_01","3000","UNVERIFIED","sukuyo","8","yn-{consultationId}","/yeongnyangi/result/?id={consultationId}","/yeongnyangi/library/"
"sukuyo_flounder","cd_content_tier_02","5000","UNVERIFIED","sukuyo","11","yn-{consultationId}","/yeongnyangi/result/?id={consultationId}","/yeongnyangi/library/"
"sukuyo_tuna","cd_content_tier_06","10000","10000","sukuyo","15","yn-{consultationId}","/yeongnyangi/result/?id={consultationId}","/yeongnyangi/library/"
"vedic_mackerel","UNVERIFIED_NOT_FOR_SALE","1000","UNVERIFIED","vedic","5","yn-{consultationId}","/yeongnyangi/result/?id={consultationId}","/yeongnyangi/library/"
"vedic_salmon","cd_content_tier_01","3000","UNVERIFIED","vedic","8","yn-{consultationId}","/yeongnyangi/result/?id={consultationId}","/yeongnyangi/library/"
"vedic_flounder","cd_content_tier_02","5000","UNVERIFIED","vedic","11","yn-{consultationId}","/yeongnyangi/result/?id={consultationId}","/yeongnyangi/library/"
"vedic_tuna","cd_content_tier_06","10000","10000","vedic","15","yn-{consultationId}","/yeongnyangi/result/?id={consultationId}","/yeongnyangi/library/"
"astrology_mackerel","UNVERIFIED_NOT_FOR_SALE","1000","UNVERIFIED","astrology","5","yn-{consultationId}","/yeongnyangi/result/?id={consultationId}","/yeongnyangi/library/"
"astrology_salmon","cd_content_tier_01","3000","UNVERIFIED","astrology","8","yn-{consultationId}","/yeongnyangi/result/?id={consultationId}","/yeongnyangi/library/"
"astrology_flounder","cd_content_tier_02","5000","UNVERIFIED","astrology","11","yn-{consultationId}","/yeongnyangi/result/?id={consultationId}","/yeongnyangi/library/"
"astrology_tuna","cd_content_tier_06","10000","10000","astrology","15","yn-{consultationId}","/yeongnyangi/result/?id={consultationId}","/yeongnyangi/library/"
"tarot_mackerel","UNVERIFIED_NOT_FOR_SALE","1000","UNVERIFIED","tarot","5","yn-{consultationId}","/yeongnyangi/result/?id={consultationId}","/yeongnyangi/library/"
"tarot_salmon","cd_content_tier_01","3000","UNVERIFIED","tarot","8","yn-{consultationId}","/yeongnyangi/result/?id={consultationId}","/yeongnyangi/library/"
"tarot_flounder","cd_content_tier_02","5000","UNVERIFIED","tarot","11","yn-{consultationId}","/yeongnyangi/result/?id={consultationId}","/yeongnyangi/library/"
"tarot_tuna","cd_content_tier_06","10000","10000","tarot","15","yn-{consultationId}","/yeongnyangi/result/?id={consultationId}","/yeongnyangi/library/"
"fusion_saju_ziwei","cd_content_tier_09","20000","UNVERIFIED","saju+ziwei","18","yn-{consultationId}","/yeongnyangi/result/?id={consultationId}","/yeongnyangi/library/"
"fusion_sukuyo_vedic","cd_content_tier_09","20000","UNVERIFIED","sukuyo+vedic","18","yn-{consultationId}","/yeongnyangi/result/?id={consultationId}","/yeongnyangi/library/"
"fusion_astrology_tarot","cd_content_tier_09","20000","UNVERIFIED","astrology+tarot","18","yn-{consultationId}","/yeongnyangi/result/?id={consultationId}","/yeongnyangi/library/"
"fusion_all","UNVERIFIED_NOT_FOR_SALE","50000","UNVERIFIED","saju+ziwei+sukuyo+vedic+astrology+tarot","28","yn-{consultationId}","/yeongnyangi/result/?id={consultationId}","/yeongnyangi/library/"
