pageUrl,viewport,run,requestUrl,path,resourceType,mimeType,status,transferredSizeBytes,transferredSize,encodedBodySizeBytes,cache,initiator,extension,fileName,componentTraceNeeded
/neo-operation-room/result,mobile,repeat,https://assets.code-destiny.com/DestinyWar/%EC%82%AC%EC%9E%90%20%ED%9C%98%EC%9E%A5%20c%EB%B6%80%ED%84%B0ex-Photoroom.png,/DestinyWar/%EC%82%AC%EC%9E%90%20%ED%9C%98%EC%9E%A5%20c%EB%B6%80%ED%84%B0ex-Photoroom.png,image,image/png,200,2501490,2.39 MB,2501490,no,parser localhost,.png,사자 휘장 c부터ex-Photoroom.png,yes
/neo-operation-room/result,mobile,cold,https://assets.code-destiny.com/DestinyWar/%EC%82%AC%EC%9E%90%20%ED%9C%98%EC%9E%A5%20c%EB%B6%80%ED%84%B0ex-Photoroom.png,/DestinyWar/%EC%82%AC%EC%9E%90%20%ED%9C%98%EC%9E%A5%20c%EB%B6%80%ED%84%B0ex-Photoroom.png,image,image/png,200,2501487,2.39 MB,2501487,no,parser localhost,.png,사자 휘장 c부터ex-Photoroom.png,yes
/neo-operation-room,mobile,cold,https://assets.code-destiny.com/DestinyWar/%EB%84%A4%EC%98%A4%20%EB%B0%98%EC%8B%A0%EC%83%81%20%EB%B0%B0%EA%B2%BD%EC%97%86%EC%9D%8C-Photoroom.png,/DestinyWar/%EB%84%A4%EC%98%A4%20%EB%B0%98%EC%8B%A0%EC%83%81%20%EB%B0%B0%EA%B2%BD%EC%97%86%EC%9D%8C-Photoroom.png,image,image/png,200,2074358,1.98 MB,2074358,no,script react-dom-client.development.js:25235,.png,네오 반신상 배경없음-Photoroom.png,yes
/neo-operation-room,mobile,repeat,https://assets.code-destiny.com/DestinyWar/%EB%84%A4%EC%98%A4%20%EB%B0%98%EC%8B%A0%EC%83%81%20%EB%B0%B0%EA%B2%BD%EC%97%86%EC%9D%8C-Photoroom.png,/DestinyWar/%EB%84%A4%EC%98%A4%20%EB%B0%98%EC%8B%A0%EC%83%81%20%EB%B0%B0%EA%B2%BD%EC%97%86%EC%9D%8C-Photoroom.png,image,image/png,200,2074357,1.98 MB,2074357,no,script image-component.js:142,.png,네오 반신상 배경없음-Photoroom.png,yes
/neo-operation-room,mobile,repeat,https://assets.code-destiny.com/DestinyWar/%EB%84%A4%EC%98%A4%20%EB%B0%98%EC%8B%A0%EC%83%81%20%EB%B0%B0%EA%B2%BD%EC%97%86%EC%9D%8C-Photoroom.png,/DestinyWar/%EB%84%A4%EC%98%A4%20%EB%B0%98%EC%8B%A0%EC%83%81%20%EB%B0%B0%EA%B2%BD%EC%97%86%EC%9D%8C-Photoroom.png,image,image/png,200,2074336,1.98 MB,2074336,no,script react-dom-client.development.js:25235,.png,네오 반신상 배경없음-Photoroom.png,yes
/neo-operation-room,mobile,repeat,https://assets.code-destiny.com/DestinyWar/%EB%84%A4%EC%98%A4%20%EB%B0%98%EC%8B%A0%EC%83%81%20%EB%B0%B0%EA%B2%BD%EC%97%86%EC%9D%8C-Photoroom.png,/DestinyWar/%EB%84%A4%EC%98%A4%20%EB%B0%98%EC%8B%A0%EC%83%81%20%EB%B0%B0%EA%B2%BD%EC%97%86%EC%9D%8C-Photoroom.png,image,image/png,200,2074228,1.98 MB,2074228,no,other,.png,네오 반신상 배경없음-Photoroom.png,yes
/neo-operation-room,mobile,cold,https://assets.code-destiny.com/DestinyWar/%EB%84%A4%EC%98%A4%20%EB%B0%98%EC%8B%A0%EC%83%81%20%EB%B0%B0%EA%B2%BD%EC%97%86%EC%9D%8C-Photoroom.png,/DestinyWar/%EB%84%A4%EC%98%A4%20%EB%B0%98%EC%8B%A0%EC%83%81%20%EB%B0%B0%EA%B2%BD%EC%97%86%EC%9D%8C-Photoroom.png,image,image/png,200,2074216,1.98 MB,2074216,no,script image-component.js:142,.png,네오 반신상 배경없음-Photoroom.png,yes
/neo-operation-room,mobile,repeat,https://assets.code-destiny.com/DestinyWar/%EB%84%A4%EC%98%A4%20%EB%B0%98%EC%8B%A0%EC%83%81%20%EB%B0%B0%EA%B2%BD%EC%97%86%EC%9D%8C-Photoroom.png,/DestinyWar/%EB%84%A4%EC%98%A4%20%EB%B0%98%EC%8B%A0%EC%83%81%20%EB%B0%B0%EA%B2%BD%EC%97%86%EC%9D%8C-Photoroom.png,image,image/png,200,2074195,1.98 MB,2074195,no,script image-component.js:142,.png,네오 반신상 배경없음-Photoroom.png,yes
/neo-operation-room,mobile,repeat,https://assets.code-destiny.com/DestinyWar/%EB%84%A4%EC%98%A4%20%EB%B0%98%EC%8B%A0%EC%83%81%20%EB%B0%B0%EA%B2%BD%EC%97%86%EC%9D%8C-Photoroom.png,/DestinyWar/%EB%84%A4%EC%98%A4%20%EB%B0%98%EC%8B%A0%EC%83%81%20%EB%B0%B0%EA%B2%BD%EC%97%86%EC%9D%8C-Photoroom.png,image,image/png,200,2074195,1.98 MB,2074195,no,script image-component.js:142,.png,네오 반신상 배경없음-Photoroom.png,yes
/neo-operation-room/result,mobile,cold,https://assets.code-destiny.com/DestinyWar/%EC%82%AC%EC%9E%90%20%ED%9C%98%EC%9E%A5%20%EB%8F%84%EC%9E%A5-Photoroom.png,/DestinyWar/%EC%82%AC%EC%9E%90%20%ED%9C%98%EC%9E%A5%20%EB%8F%84%EC%9E%A5-Photoroom.png,image,image/png,200,1911068,1.82 MB,1911068,no,script image-component.js:142,.png,사자 휘장 도장-Photoroom.png,yes
/neo-operation-room/result,mobile,repeat,https://assets.code-destiny.com/DestinyWar/%EC%82%AC%EC%9E%90%20%ED%9C%98%EC%9E%A5%20%EB%8F%84%EC%9E%A5-Photoroom.png,/DestinyWar/%EC%82%AC%EC%9E%90%20%ED%9C%98%EC%9E%A5%20%EB%8F%84%EC%9E%A5-Photoroom.png,image,image/png,200,1911018,1.82 MB,1911018,no,parser localhost,.png,사자 휘장 도장-Photoroom.png,yes
/neo-operation-room/result,mobile,cold,https://assets.code-destiny.com/DestinyWar/%EC%82%AC%EC%9E%90%20%ED%9C%98%EC%9E%A5%20%EB%8F%84%EC%9E%A5-Photoroom.png,/DestinyWar/%EC%82%AC%EC%9E%90%20%ED%9C%98%EC%9E%A5%20%EB%8F%84%EC%9E%A5-Photoroom.png,image,image/png,200,1911009,1.82 MB,1911009,no,parser localhost,.png,사자 휘장 도장-Photoroom.png,yes
/neo-operation-room/result,mobile,repeat,https://assets.code-destiny.com/DestinyWar/%EC%82%AC%EC%9E%90%20%ED%9C%98%EC%9E%A5%20%EB%8F%84%EC%9E%A5-Photoroom.png,/DestinyWar/%EC%82%AC%EC%9E%90%20%ED%9C%98%EC%9E%A5%20%EB%8F%84%EC%9E%A5-Photoroom.png,image,image/png,200,1910943,1.82 MB,1910943,no,script image-component.js:142,.png,사자 휘장 도장-Photoroom.png,yes
/music,desktop,cold,http://localhost:3100/_next/static/chunks/fallback/main.js,/_next/static/chunks/fallback/main.js,script,application/javascript,200,1811415,1.73 MB,1811415,no,parser localhost,.js,main.js,yes
/music,desktop,repeat,http://localhost:3100/_next/static/chunks/fallback/main.js,/_next/static/chunks/fallback/main.js,script,application/javascript,200,1811415,1.73 MB,1811415,no,parser localhost,.js,main.js,yes
/fortune-tea-house,desktop,cold,http://localhost:3100/_next/static/chunks/fallback/main.js,/_next/static/chunks/fallback/main.js,script,application/javascript,200,1811415,1.73 MB,1811415,no,parser localhost,.js,main.js,yes
/fortune-tea-house,desktop,repeat,http://localhost:3100/_next/static/chunks/fallback/main.js,/_next/static/chunks/fallback/main.js,script,application/javascript,200,1811415,1.73 MB,1811415,no,parser localhost,.js,main.js,yes
/neo-operation-room,desktop,cold,http://localhost:3100/_next/static/chunks/fallback/main.js,/_next/static/chunks/fallback/main.js,script,application/javascript,200,1811415,1.73 MB,1811415,no,parser localhost,.js,main.js,yes
/neo-operation-room,desktop,repeat,http://localhost:3100/_next/static/chunks/fallback/main.js,/_next/static/chunks/fallback/main.js,script,application/javascript,200,1811415,1.73 MB,1811415,no,parser localhost,.js,main.js,yes
/neo-operation-room/result,desktop,cold,http://localhost:3100/_next/static/chunks/fallback/main.js,/_next/static/chunks/fallback/main.js,script,application/javascript,200,1811415,1.73 MB,1811415,no,parser localhost,.js,main.js,yes
/neo-operation-room/result,desktop,repeat,http://localhost:3100/_next/static/chunks/fallback/main.js,/_next/static/chunks/fallback/main.js,script,application/javascript,200,1811415,1.73 MB,1811415,no,parser localhost,.js,main.js,yes
/login,desktop,cold,http://localhost:3100/_next/static/chunks/fallback/main.js,/_next/static/chunks/fallback/main.js,script,application/javascript,200,1811415,1.73 MB,1811415,no,parser localhost,.js,main.js,yes
/login,desktop,repeat,http://localhost:3100/_next/static/chunks/fallback/main.js,/_next/static/chunks/fallback/main.js,script,application/javascript,200,1811415,1.73 MB,1811415,no,parser localhost,.js,main.js,yes
/points,desktop,cold,http://localhost:3100/_next/static/chunks/fallback/main.js,/_next/static/chunks/fallback/main.js,script,application/javascript,200,1811415,1.73 MB,1811415,no,parser localhost,.js,main.js,yes
/points,desktop,repeat,http://localhost:3100/_next/static/chunks/fallback/main.js,/_next/static/chunks/fallback/main.js,script,application/javascript,200,1811415,1.73 MB,1811415,no,parser localhost,.js,main.js,yes
/premium-unlock,desktop,cold,http://localhost:3100/_next/static/chunks/fallback/main.js,/_next/static/chunks/fallback/main.js,script,application/javascript,200,1811415,1.73 MB,1811415,no,parser localhost,.js,main.js,yes
/premium-unlock,desktop,repeat,http://localhost:3100/_next/static/chunks/fallback/main.js,/_next/static/chunks/fallback/main.js,script,application/javascript,200,1811415,1.73 MB,1811415,no,parser localhost,.js,main.js,yes
/fortune-tea-house,mobile,repeat,http://localhost:3100/_next/static/chunks/_app-pages-browser_src_features_fortune-tea-house_FortuneTeaHousePage_tsx.js,/_next/static/chunks/_app-pages-browser_src_features_fortune-tea-house_FortuneTeaHousePage_tsx.js,script,application/javascript,200,1774987,1.69 MB,1774987,no,script webpack.js:247,.js,_app-pages-browser_src_features_fortune-tea-house_FortuneTeaHousePage_tsx.js,yes
/fortune-tea-house,mobile,cold,http://localhost:3100/_next/static/chunks/main-app.js?v=1782825038640,/_next/static/chunks/main-app.js?v=1782825038640,script,application/javascript,200,1768527,1.69 MB,1768527,no,parser localhost,.js,main-app.js,yes
/fortune-tea-house,mobile,repeat,http://localhost:3100/_next/static/chunks/main-app.js?v=1782825082230,/_next/static/chunks/main-app.js?v=1782825082230,script,application/javascript,200,1768527,1.69 MB,1768527,no,parser localhost,.js,main-app.js,yes
/fortune-tea-house,mobile,repeat,http://localhost:3100/_next/static/chunks/main-app.js?v=1782825095641,/_next/static/chunks/main-app.js?v=1782825095641,script,application/javascript,200,1768527,1.69 MB,1768527,no,parser localhost,.js,main-app.js,yes
/neo-operation-room,mobile,cold,http://localhost:3100/_next/static/chunks/main-app.js?v=1782825122561,/_next/static/chunks/main-app.js?v=1782825122561,script,application/javascript,200,1768527,1.69 MB,1768527,no,parser localhost,.js,main-app.js,yes
/neo-operation-room,mobile,repeat,http://localhost:3100/_next/static/chunks/main-app.js?v=1782825146583,/_next/static/chunks/main-app.js?v=1782825146583,script,application/javascript,200,1768527,1.69 MB,1768527,no,parser localhost,.js,main-app.js,yes
/neo-operation-room/result,mobile,cold,http://localhost:3100/_next/static/chunks/main-app.js?v=1782825162662,/_next/static/chunks/main-app.js?v=1782825162662,script,application/javascript,200,1768527,1.69 MB,1768527,no,parser localhost,.js,main-app.js,yes
/neo-operation-room/result,mobile,repeat,http://localhost:3100/_next/static/chunks/main-app.js?v=1782825170212,/_next/static/chunks/main-app.js?v=1782825170212,script,application/javascript,200,1768527,1.69 MB,1768527,no,parser localhost,.js,main-app.js,yes
/login,mobile,cold,http://localhost:3100/_next/static/chunks/main-app.js?v=1782825180221,/_next/static/chunks/main-app.js?v=1782825180221,script,application/javascript,200,1768527,1.69 MB,1768527,no,parser localhost,.js,main-app.js,yes
/login,mobile,repeat,http://localhost:3100/_next/static/chunks/main-app.js?v=1782825207164,/_next/static/chunks/main-app.js?v=1782825207164,script,application/javascript,200,1768527,1.69 MB,1768527,no,parser localhost,.js,main-app.js,yes
/points,mobile,cold,http://localhost:3100/_next/static/chunks/main-app.js?v=1782825238837,/_next/static/chunks/main-app.js?v=1782825238837,script,application/javascript,200,1768527,1.69 MB,1768527,no,parser localhost,.js,main-app.js,yes
/points,mobile,repeat,http://localhost:3100/_next/static/chunks/main-app.js?v=1782825263020,/_next/static/chunks/main-app.js?v=1782825263020,script,application/javascript,200,1768527,1.69 MB,1768527,no,parser localhost,.js,main-app.js,yes
/premium-unlock,mobile,cold,http://localhost:3100/_next/static/chunks/main-app.js?v=1782825297406,/_next/static/chunks/main-app.js?v=1782825297406,script,application/javascript,200,1768527,1.69 MB,1768527,no,parser localhost,.js,main-app.js,yes
/premium-unlock,mobile,repeat,http://localhost:3100/_next/static/chunks/main-app.js?v=1782825315943,/_next/static/chunks/main-app.js?v=1782825315943,script,application/javascript,200,1768527,1.69 MB,1768527,no,parser localhost,.js,main-app.js,yes
/life-book-ai,mobile,cold,http://localhost:3100/_next/static/chunks/main-app.js?v=1782825355810,/_next/static/chunks/main-app.js?v=1782825355810,script,application/javascript,200,1768527,1.69 MB,1768527,no,parser localhost,.js,main-app.js,yes
/life-book-ai,mobile,repeat,http://localhost:3100/_next/static/chunks/main-app.js?v=1782825368862,/_next/static/chunks/main-app.js?v=1782825368862,script,application/javascript,200,1768527,1.69 MB,1768527,no,parser localhost,.js,main-app.js,yes
/love-secret-ai,mobile,cold,http://localhost:3100/_next/static/chunks/main-app.js?v=1782825393950,/_next/static/chunks/main-app.js?v=1782825393950,script,application/javascript,200,1768527,1.69 MB,1768527,no,parser localhost,.js,main-app.js,yes
/love-secret-ai,mobile,repeat,http://localhost:3100/_next/static/chunks/main-app.js?v=1782825407613,/_next/static/chunks/main-app.js?v=1782825407613,script,application/javascript,200,1768527,1.69 MB,1768527,no,parser localhost,.js,main-app.js,yes
/karma-destiny-ai,mobile,cold,http://localhost:3100/_next/static/chunks/main-app.js?v=1782825446703,/_next/static/chunks/main-app.js?v=1782825446703,script,application/javascript,200,1768527,1.69 MB,1768527,no,parser localhost,.js,main-app.js,yes
/karma-destiny-ai,mobile,repeat,http://localhost:3100/_next/static/chunks/main-app.js?v=1782825459788,/_next/static/chunks/main-app.js?v=1782825459788,script,application/javascript,200,1768527,1.69 MB,1768527,no,parser localhost,.js,main-app.js,yes
/ziwei-ai,mobile,cold,http://localhost:3100/_next/static/chunks/main-app.js?v=1782825481802,/_next/static/chunks/main-app.js?v=1782825481802,script,application/javascript,200,1768527,1.69 MB,1768527,no,parser localhost,.js,main-app.js,yes
/ziwei-ai,mobile,repeat,http://localhost:3100/_next/static/chunks/main-app.js?v=1782825493100,/_next/static/chunks/main-app.js?v=1782825493100,script,application/javascript,200,1768527,1.69 MB,1768527,no,parser localhost,.js,main-app.js,yes
/astrology-ai,mobile,cold,http://localhost:3100/_next/static/chunks/main-app.js?v=1782825513217,/_next/static/chunks/main-app.js?v=1782825513217,script,application/javascript,200,1768527,1.69 MB,1768527,no,parser localhost,.js,main-app.js,yes
/astrology-ai,mobile,repeat,http://localhost:3100/_next/static/chunks/main-app.js?v=1782825531975,/_next/static/chunks/main-app.js?v=1782825531975,script,application/javascript,200,1768527,1.69 MB,1768527,no,parser localhost,.js,main-app.js,yes
/vedic-ai,mobile,cold,http://localhost:3100/_next/static/chunks/main-app.js?v=1782825583781,/_next/static/chunks/main-app.js?v=1782825583781,script,application/javascript,200,1768527,1.69 MB,1768527,no,parser localhost,.js,main-app.js,yes
/vedic-ai,mobile,repeat,http://localhost:3100/_next/static/chunks/main-app.js?v=1782825615647,/_next/static/chunks/main-app.js?v=1782825615647,script,application/javascript,200,1768527,1.69 MB,1768527,no,parser localhost,.js,main-app.js,yes
/tarot/mindscan,mobile,cold,http://localhost:3100/_next/static/chunks/main-app.js?v=1782825828259,/_next/static/chunks/main-app.js?v=1782825828259,script,application/javascript,200,1760586,1.68 MB,1760586,no,parser localhost,.js,main-app.js,yes
/tarot/mindscan,mobile,repeat,http://localhost:3100/_next/static/chunks/main-app.js?v=1782825852327,/_next/static/chunks/main-app.js?v=1782825852327,script,application/javascript,200,1760586,1.68 MB,1760586,no,parser localhost,.js,main-app.js,yes
/neo-operation-room/result,mobile,repeat,https://assets.code-destiny.com/DestinyWar/%EC%9E%91%EC%A0%84%EC%8B%A4%20%EC%97%90%EC%85%8B2-Photoroom.png,/DestinyWar/%EC%9E%91%EC%A0%84%EC%8B%A4%20%EC%97%90%EC%85%8B2-Photoroom.png,image,image/png,200,1576449,1.50 MB,1576449,no,parser localhost,.png,작전실 에셋2-Photoroom.png,yes
/neo-operation-room/result,mobile,cold,https://assets.code-destiny.com/DestinyWar/%EC%9E%91%EC%A0%84%EC%8B%A4%20%EC%97%90%EC%85%8B2-Photoroom.png,/DestinyWar/%EC%9E%91%EC%A0%84%EC%8B%A4%20%EC%97%90%EC%85%8B2-Photoroom.png,image,image/png,200,1576441,1.50 MB,1576441,no,parser localhost,.png,작전실 에셋2-Photoroom.png,yes
/neo-operation-room/result,mobile,cold,https://assets.code-destiny.com/DestinyWar/%EC%9E%91%EC%A0%84%EC%8B%A4%20%EC%97%90%EC%85%8B1-Photoroom.png,/DestinyWar/%EC%9E%91%EC%A0%84%EC%8B%A4%20%EC%97%90%EC%85%8B1-Photoroom.png,image,image/png,200,1397638,1.33 MB,1397638,no,parser localhost,.png,작전실 에셋1-Photoroom.png,yes
/neo-operation-room,mobile,repeat,https://assets.code-destiny.com/DestinyWar/%EC%9E%91%EC%A0%84%EC%8B%A4%20%EC%97%90%EC%85%8B1-Photoroom.png,/DestinyWar/%EC%9E%91%EC%A0%84%EC%8B%A4%20%EC%97%90%EC%85%8B1-Photoroom.png,image,image/png,200,1397533,1.33 MB,1397533,no,parser localhost,.png,작전실 에셋1-Photoroom.png,yes
/neo-operation-room,mobile,cold,https://assets.code-destiny.com/DestinyWar/%EC%9E%91%EC%A0%84%EC%8B%A4%20%EC%97%90%EC%85%8B1-Photoroom.png,/DestinyWar/%EC%9E%91%EC%A0%84%EC%8B%A4%20%EC%97%90%EC%85%8B1-Photoroom.png,image,image/png,200,1397522,1.33 MB,1397522,no,parser localhost,.png,작전실 에셋1-Photoroom.png,yes
/neo-operation-room,mobile,repeat,https://assets.code-destiny.com/DestinyWar/%EC%9E%91%EC%A0%84%EC%8B%A4%20%EC%97%90%EC%85%8B1-Photoroom.png,/DestinyWar/%EC%9E%91%EC%A0%84%EC%8B%A4%20%EC%97%90%EC%85%8B1-Photoroom.png,image,image/png,200,1397520,1.33 MB,1397520,no,script image-component.js:142,.png,작전실 에셋1-Photoroom.png,yes
/neo-operation-room/result,mobile,repeat,https://assets.code-destiny.com/DestinyWar/%EC%9E%91%EC%A0%84%EC%8B%A4%20%EC%97%90%EC%85%8B1-Photoroom.png,/DestinyWar/%EC%9E%91%EC%A0%84%EC%8B%A4%20%EC%97%90%EC%85%8B1-Photoroom.png,image,image/png,200,1397505,1.33 MB,1397505,no,parser localhost,.png,작전실 에셋1-Photoroom.png,yes
/neo-operation-room,mobile,repeat,https://assets.code-destiny.com/DestinyWar/%EC%9E%91%EC%A0%84%EC%8B%A4%20%EC%97%90%EC%85%8B1-Photoroom.png,/DestinyWar/%EC%9E%91%EC%A0%84%EC%8B%A4%20%EC%97%90%EC%85%8B1-Photoroom.png,image,image/png,200,1397480,1.33 MB,1397480,no,script image-component.js:142,.png,작전실 에셋1-Photoroom.png,yes
/neo-operation-room,mobile,repeat,https://assets.code-destiny.com/DestinyWar/%EC%9E%91%EC%A0%84%EC%8B%A4%20%EC%97%90%EC%85%8B1-Photoroom.png,/DestinyWar/%EC%9E%91%EC%A0%84%EC%8B%A4%20%EC%97%90%EC%85%8B1-Photoroom.png,image,image/png,200,1397463,1.33 MB,1397463,no,other,.png,작전실 에셋1-Photoroom.png,yes
/neo-operation-room,mobile,repeat,https://assets.code-destiny.com/DestinyWar/%EC%9E%91%EC%A0%84%EC%8B%A4%20%EC%97%90%EC%85%8B1-Photoroom.png,/DestinyWar/%EC%9E%91%EC%A0%84%EC%8B%A4%20%EC%97%90%EC%85%8B1-Photoroom.png,image,image/png,200,1397449,1.33 MB,1397449,no,script image-component.js:142,.png,작전실 에셋1-Photoroom.png,yes
/neo-operation-room,mobile,cold,https://assets.code-destiny.com/DestinyWar/%EC%9E%91%EC%A0%84%EC%8B%A4%20%EC%97%90%EC%85%8B1-Photoroom.png,/DestinyWar/%EC%9E%91%EC%A0%84%EC%8B%A4%20%EC%97%90%EC%85%8B1-Photoroom.png,image,image/png,200,1397445,1.33 MB,1397445,no,script image-component.js:142,.png,작전실 에셋1-Photoroom.png,yes
/neo-operation-room,mobile,repeat,https://assets.code-destiny.com/DestinyWar/%EC%9E%91%EC%A0%84%EC%8B%A4%20%EC%97%90%EC%85%8B1-Photoroom.png,/DestinyWar/%EC%9E%91%EC%A0%84%EC%8B%A4%20%EC%97%90%EC%85%8B1-Photoroom.png,image,image/png,200,1397441,1.33 MB,1397441,no,script image-component.js:142,.png,작전실 에셋1-Photoroom.png,yes
/neo-operation-room,mobile,cold,https://assets.code-destiny.com/DestinyWar/%EC%9E%91%EC%A0%84%EC%8B%A4%20%EC%97%90%EC%85%8B1-Photoroom.png,/DestinyWar/%EC%9E%91%EC%A0%84%EC%8B%A4%20%EC%97%90%EC%85%8B1-Photoroom.png,image,image/png,200,1397436,1.33 MB,1397436,no,script image-component.js:142,.png,작전실 에셋1-Photoroom.png,yes
/neo-operation-room/result,mobile,repeat,https://assets.code-destiny.com/DestinyWar/%EB%84%A4%EC%98%A4%20%EC%A0%84%EC%8B%A0%EC%83%81%20%EB%B0%B0%EA%B2%BD%EC%97%86%EC%9D%8C-Photoroom.png,/DestinyWar/%EB%84%A4%EC%98%A4%20%EC%A0%84%EC%8B%A0%EC%83%81%20%EB%B0%B0%EA%B2%BD%EC%97%86%EC%9D%8C-Photoroom.png,image,image/png,200,1179302,1.12 MB,1179302,no,script react-dom-client.development.js:25235,.png,네오 전신상 배경없음-Photoroom.png,yes
/neo-operation-room/result,mobile,cold,https://assets.code-destiny.com/DestinyWar/%EB%84%A4%EC%98%A4%20%EC%A0%84%EC%8B%A0%EC%83%81%20%EB%B0%B0%EA%B2%BD%EC%97%86%EC%9D%8C-Photoroom.png,/DestinyWar/%EB%84%A4%EC%98%A4%20%EC%A0%84%EC%8B%A0%EC%83%81%20%EB%B0%B0%EA%B2%BD%EC%97%86%EC%9D%8C-Photoroom.png,image,image/png,200,1179276,1.12 MB,1179276,no,script react-dom-client.development.js:25235,.png,네오 전신상 배경없음-Photoroom.png,yes
/premium-unlock,mobile,cold,http://localhost:3100/_next/static/chunks/_app-pages-browser_app_components_OhangRadarChart_tsx.js,/_next/static/chunks/_app-pages-browser_app_components_OhangRadarChart_tsx.js,script,application/javascript,200,1100453,1.05 MB,1100453,no,script webpack.js:247,.js,_app-pages-browser_app_components_OhangRadarChart_tsx.js,yes
/premium-unlock,mobile,repeat,http://localhost:3100/_next/static/chunks/_app-pages-browser_app_components_OhangRadarChart_tsx.js,/_next/static/chunks/_app-pages-browser_app_components_OhangRadarChart_tsx.js,script,application/javascript,200,1100453,1.05 MB,1100453,no,script webpack.js:247,.js,_app-pages-browser_app_components_OhangRadarChart_tsx.js,yes
/saju/destiny-bias,mobile,repeat,http://localhost:3100/_next/static/chunks/_app-pages-browser_app_saju_destiny-bias_DestinyBiasClient_tsx.js,/_next/static/chunks/_app-pages-browser_app_saju_destiny-bias_DestinyBiasClient_tsx.js,script,application/javascript,200,1061805,1.01 MB,1061805,no,parser localhost,.js,_app-pages-browser_app_saju_destiny-bias_DestinyBiasClient_tsx.js,yes
/tarot/prompt-maker,mobile,cold,http://localhost:3100/_next/static/chunks/_app-pages-browser_app_tarot_prompt-maker_TarotPromptMakerClient_tsx.js,/_next/static/chunks/_app-pages-browser_app_tarot_prompt-maker_TarotPromptMakerClient_tsx.js,script,application/javascript,200,1047185,1022.6 KB,1047185,no,parser localhost,.js,_app-pages-browser_app_tarot_prompt-maker_TarotPromptMakerClient_tsx.js,yes
/tarot/prompt-maker,mobile,repeat,http://localhost:3100/_next/static/chunks/_app-pages-browser_app_tarot_prompt-maker_TarotPromptMakerClient_tsx.js,/_next/static/chunks/_app-pages-browser_app_tarot_prompt-maker_TarotPromptMakerClient_tsx.js,script,application/javascript,200,1047185,1022.6 KB,1047185,no,parser localhost,.js,_app-pages-browser_app_tarot_prompt-maker_TarotPromptMakerClient_tsx.js,yes
/tarot/mindscan,mobile,repeat,http://localhost:3100/_next/static/chunks/app/layout.js,/_next/static/chunks/app/layout.js,script,application/javascript,200,621414,606.8 KB,621414,no,parser localhost,.js,layout.js,yes
/neo-operation-room/result,mobile,cold,http://localhost:3100/_next/static/chunks/app/layout.js,/_next/static/chunks/app/layout.js,script,application/javascript,200,618287,603.8 KB,618287,no,parser localhost,.js,layout.js,yes
/neo-operation-room/result,mobile,repeat,http://localhost:3100/_next/static/chunks/app/layout.js,/_next/static/chunks/app/layout.js,script,application/javascript,200,618287,603.8 KB,618287,no,parser localhost,.js,layout.js,yes
/fortune-tea-house,mobile,cold,http://localhost:3100/_next/static/chunks/app/layout.js,/_next/static/chunks/app/layout.js,script,application/javascript,200,618286,603.8 KB,618286,no,parser localhost,.js,layout.js,yes
/fortune-tea-house,mobile,repeat,http://localhost:3100/_next/static/chunks/app/layout.js,/_next/static/chunks/app/layout.js,script,application/javascript,200,618286,603.8 KB,618286,no,parser localhost,.js,layout.js,yes
/fortune-tea-house,mobile,repeat,http://localhost:3100/_next/static/chunks/app/layout.js,/_next/static/chunks/app/layout.js,script,application/javascript,200,618286,603.8 KB,618286,no,parser localhost,.js,layout.js,yes
/login,mobile,cold,http://localhost:3100/_next/static/chunks/app/layout.js,/_next/static/chunks/app/layout.js,script,application/javascript,200,618286,603.8 KB,618286,no,parser localhost,.js,layout.js,yes
/premium-unlock,mobile,cold,http://localhost:3100/_next/static/chunks/app/layout.js,/_next/static/chunks/app/layout.js,script,application/javascript,200,618286,603.8 KB,618286,no,parser localhost,.js,layout.js,yes
/premium-unlock,mobile,repeat,http://localhost:3100/_next/static/chunks/app/layout.js,/_next/static/chunks/app/layout.js,script,application/javascript,200,618286,603.8 KB,618286,no,parser localhost,.js,layout.js,yes
/astrology-ai,mobile,repeat,http://localhost:3100/_next/static/chunks/app/layout.js,/_next/static/chunks/app/layout.js,script,application/javascript,200,618286,603.8 KB,618286,no,parser localhost,.js,layout.js,yes
/vedic-ai,mobile,cold,http://localhost:3100/_next/static/chunks/app/layout.js,/_next/static/chunks/app/layout.js,script,application/javascript,200,618286,603.8 KB,618286,no,parser localhost,.js,layout.js,yes
/vedic-ai,mobile,repeat,http://localhost:3100/_next/static/chunks/app/layout.js,/_next/static/chunks/app/layout.js,script,application/javascript,200,618286,603.8 KB,618286,no,parser localhost,.js,layout.js,yes
/sukuyo-compatibility-ai,mobile,cold,http://localhost:3100/_next/static/chunks/app/layout.js,/_next/static/chunks/app/layout.js,script,application/javascript,200,618286,603.8 KB,618286,no,parser localhost,.js,layout.js,yes
/sukuyo-compatibility-ai,mobile,repeat,http://localhost:3100/_next/static/chunks/app/layout.js,/_next/static/chunks/app/layout.js,script,application/javascript,200,618286,603.8 KB,618286,no,parser localhost,.js,layout.js,yes
/neo-operation-room,mobile,cold,http://localhost:3100/_next/static/chunks/app/layout.js,/_next/static/chunks/app/layout.js,script,application/javascript,200,618285,603.8 KB,618285,no,parser localhost,.js,layout.js,yes
/neo-operation-room,mobile,repeat,http://localhost:3100/_next/static/chunks/app/layout.js,/_next/static/chunks/app/layout.js,script,application/javascript,200,618285,603.8 KB,618285,no,parser localhost,.js,layout.js,yes
/login,mobile,repeat,http://localhost:3100/_next/static/chunks/app/layout.js,/_next/static/chunks/app/layout.js,script,application/javascript,200,618285,603.8 KB,618285,no,parser localhost,.js,layout.js,yes
/points,mobile,cold,http://localhost:3100/_next/static/chunks/app/layout.js,/_next/static/chunks/app/layout.js,script,application/javascript,200,618285,603.8 KB,618285,no,parser localhost,.js,layout.js,yes
/life-book-ai,mobile,cold,http://localhost:3100/_next/static/chunks/app/layout.js,/_next/static/chunks/app/layout.js,script,application/javascript,200,618285,603.8 KB,618285,no,parser localhost,.js,layout.js,yes
/love-secret-ai,mobile,cold,http://localhost:3100/_next/static/chunks/app/layout.js,/_next/static/chunks/app/layout.js,script,application/javascript,200,618285,603.8 KB,618285,no,parser localhost,.js,layout.js,yes
/love-secret-ai,mobile,repeat,http://localhost:3100/_next/static/chunks/app/layout.js,/_next/static/chunks/app/layout.js,script,application/javascript,200,618285,603.8 KB,618285,no,parser localhost,.js,layout.js,yes
/karma-destiny-ai,mobile,cold,http://localhost:3100/_next/static/chunks/app/layout.js,/_next/static/chunks/app/layout.js,script,application/javascript,200,618285,603.8 KB,618285,no,parser localhost,.js,layout.js,yes
/karma-destiny-ai,mobile,repeat,http://localhost:3100/_next/static/chunks/app/layout.js,/_next/static/chunks/app/layout.js,script,application/javascript,200,618285,603.8 KB,618285,no,parser localhost,.js,layout.js,yes
/ziwei-ai,mobile,cold,http://localhost:3100/_next/static/chunks/app/layout.js,/_next/static/chunks/app/layout.js,script,application/javascript,200,618285,603.8 KB,618285,no,parser localhost,.js,layout.js,yes
/ziwei-ai,mobile,repeat,http://localhost:3100/_next/static/chunks/app/layout.js,/_next/static/chunks/app/layout.js,script,application/javascript,200,618285,603.8 KB,618285,no,parser localhost,.js,layout.js,yes
