cp,ch,crawl,unihan_E,unihan_N,efamily,decision,reason,detail,review_decision,review_note
U+20984,𠦄,0,0,1,0,include,adjudicated,"efamily a0256(훼, isin=1) 글리프 일치(十 아래 十 둘) — Unihan 훼:N",,
U+21155,𡅕,0,0,1,0,exclude,unihan-N-only-absent-in-efamily,희:N,,
U+25874,𥡴,1,0,1,1,include,crawl-reading-empty-efamily-reading,계,,
U+27144,𧅄,0,0,1,0,exclude,unihan-N-only-absent-in-efamily,기:N,,
U+291D5,𩇕,0,0,1,0,include,adjudicated,"efamily f10e3(정, isin=1) 글리프 일치(靑+彡) — Unihan 정:N",,
U+2C115,𬄕,0,0,1,0,include,adjudicated,"efamily a022d(집, isin=1, 훈 샘솟을) 글리프 일치(氵·隹 아래 木) — Unihan 집:N",,
U+2C7D3,𬟓,0,0,1,0,include,adjudicated,"efamily a026c·f17b8(훈, isin=1) 두 코드 모두 같은 글자(艹 가로획만 다른 이체) — Unihan 훈:N",,
U+2E569,𮕩,0,1,0,0,include,law-basic-edu,쇠:E,,
U+30729,𰜩,0,0,1,0,include,adjudicated,"efamily f0f74(은, isin=1) 글리프 일치(氵+恩) — Unihan 은:N",,
U+363D,㘽,0,0,1,0,exclude,unihan-N-only-absent-in-efamily,재:N,,
U+3D17,㴗,0,0,1,0,include,adjudicated,"efamily a0257(유, isin=1) 글리프 일치(氵+要) — Unihan 유:N",,
U+46BE,䚾,0,0,1,0,include,adjudicated,"efamily a0228(임, isin=1) 글리프 일치(言+壬, 32px 로 壬·𡈼 구분 불가) — Unihan 임:N",,
U+46DD,䛝,0,0,1,1,include,efamily,노:N,,
U+5102,儂,0,0,1,1,include,efamily,농:1N,,
U+5195,冕,0,0,1,0,include,adjudicated,"efamily f1cd6(면, isin=1, 훈 면류관) 글리프 일치(윗부분 日 형 이체) — Unihan 면:0N",,
U+52AA,努,0,1,0,1,include,efamily,노:0E,,
U+5436,吶,0,0,1,1,include,efamily,눌:1N,,
U+5476,呶,0,0,1,1,include,efamily,노:1N,,
U+5542,啂,0,0,1,1,include,efamily,누:1N,,
U+5665,噥,0,0,1,1,include,efamily,농:1N,,
U+5974,奴,0,1,0,1,include,efamily,노:0E,,
U+599E,妞,0,0,0,1,include,efamily,,,
U+59AE,妮,0,0,1,1,include,efamily,니:N,,
U+59EC,姬,0,0,1,0,include,adjudicated,"efamily a0050(희, isin=1) 글리프 일치(女+𦣝, 姫 아님) — Unihan 희:0N",,
U+5AE9,嫩,0,0,1,1,include,efamily,눈:0N,,
U+5B65,孥,0,0,1,1,include,efamily,노:1N,,
U+5CF1,峱,0,0,1,1,include,efamily,노:1N,,
U+5F29,弩,0,0,1,1,include,efamily,노:0N,,
U+6012,怒,0,1,0,1,include,efamily,노:0E,,
U+60F1,惱,0,1,0,1,include,efamily,뇌:0E,,
U+6149,慉,0,0,0,1,include,efamily,,,
U+615C,慜,0,0,1,0,include,adjudicated,"efamily f3450(민, isin=1, 훈 총명할) 글리프 일치(敏 아래 心) — Unihan 민:N",,
U+670A,朊,0,0,1,0,exclude,unihan-N-only-absent-in-efamily,원:N,,
U+6ABD,檽,0,0,1,1,include,efamily,누:N,,
U+6E2F,港,0,1,0,0,include,law-basic-edu,항:0E,,
U+6E4A,湊,0,0,1,0,include,adjudicated,"efamily a023a(주, isin=1) 글리프 일치(氵+奏) — Unihan 주:0N",,
U+6FC3,濃,0,0,1,1,include,efamily,농:0N,,
U+7331,猱,0,0,1,1,include,efamily,노:1N,,
U+73CA,珊,0,0,1,0,include,adjudicated,"efamily a023f(산, isin=1) 글리프 일치(⺩+冊) — Unihan 산:0N",,
U+7459,瑙,0,0,1,1,include,efamily,노:0N,,
U+777E,睾,0,0,1,0,include,adjudicated,"efamily a0072(고, isin=1, 훈 불알) 글리프 일치(睪 아님) — Unihan 고:0N",,
U+7A60,穠,0,0,1,1,include,efamily,농:1N,,
U+7B2F,笯,0,0,1,1,include,efamily,노:1N,,
U+7C69,籩,0,0,1,0,include,adjudicated,"efamily a028a(변, isin=1, 훈 변두) 글리프 일치(⺮+邊) — Unihan 변:1N",,
U+8028,耨,0,0,1,1,include,efamily,누:1N,,
U+80AD,肭,0,0,1,1,include,efamily,눌:1N,,
U+80FD,能,0,1,0,1,include,efamily,능:0E,,
U+8166,腦,0,1,0,1,include,efamily,뇌:0E,,
U+81BF,膿,0,0,1,1,include,efamily,농:0N,,
U+81D1,臑,0,0,1,1,include,efamily,노:1N,,
U+8A25,訥,0,0,1,1,include,efamily,눌:0N,,
U+8C80,貀,0,0,0,1,include,efamily,,,
U+8FB2,農,0,1,0,1,include,efamily,농:0E,,
U+91B2,醲,0,0,1,1,include,efamily,농:1N,,
U+97CC,韌,0,0,1,0,include,adjudicated,"efamily a0255(인, isin=1) 글리프 일치(韋+刃) — Unihan 인:N",,
U+9912,餒,0,0,1,1,include,efamily,뇌:1N,,
U+99D1,駑,0,0,1,1,include,efamily,노:0N,,
a0001,򠀁,1,0,0,,exclude,non-unicode-code,crawl reading 관,,
a0002,򠀂,1,0,0,,exclude,non-unicode-code,crawl reading 상,,
a0050,򠁐,1,0,0,,exclude,non-unicode-code,crawl reading 희,,
a006a,򠁪,1,0,0,,exclude,non-unicode-code,crawl reading 경,,
a0072,򠁲,1,0,0,,exclude,non-unicode-code,crawl reading 고,,
a007b,򠁻,1,0,0,,exclude,non-unicode-code,crawl reading 청,,
a0087,򠂇,1,0,0,,exclude,non-unicode-code,crawl reading 청,,
a0090,򠂐,1,0,0,,exclude,non-unicode-code,crawl reading 강,,
a0106,򠄆,1,0,0,,exclude,non-unicode-code,crawl reading 정,,
a0107,򠄇,1,0,0,,exclude,non-unicode-code,crawl reading 기,,
a0108,򠄈,1,0,0,,exclude,non-unicode-code,crawl reading 녹/록,,
a0109,򠄉,1,0,0,,exclude,non-unicode-code,crawl reading 비,,
a010a,򠄊,1,0,0,,exclude,non-unicode-code,crawl reading 사,,
a010b,򠄋,1,0,0,,exclude,non-unicode-code,crawl reading 사,,
a010c,򠄌,1,0,0,,exclude,non-unicode-code,crawl reading 양,,
a010d,򠄍,1,0,0,,exclude,non-unicode-code,crawl reading 우,,
a010e,򠄎,1,0,0,,exclude,non-unicode-code,crawl reading 우,,
a010f,򠄏,1,0,0,,exclude,non-unicode-code,crawl reading 조,,
a0111,򠄑,1,0,0,,exclude,non-unicode-code,crawl reading 가,,
a0112,򠄒,1,0,0,,exclude,non-unicode-code,crawl reading 가,,
a0113,򠄓,1,0,0,,exclude,non-unicode-code,crawl reading 갈,,
a0114,򠄔,1,0,0,,exclude,non-unicode-code,crawl reading 강,,
a0115,򠄕,1,0,0,,exclude,non-unicode-code,crawl reading 개,,
a0116,򠄖,1,0,0,,exclude,non-unicode-code,crawl reading 개,,
a0117,򠄗,1,0,0,,exclude,non-unicode-code,crawl reading 견,,
a0118,򠄘,1,0,0,,exclude,non-unicode-code,crawl reading 경,,
a0119,򠄙,1,0,0,,exclude,non-unicode-code,crawl reading 경,,
a011a,򠄚,1,0,0,,exclude,non-unicode-code,crawl reading 경,,
a011b,򠄛,1,0,0,,exclude,non-unicode-code,crawl reading 경,,
a011c,򠄜,1,0,0,,exclude,non-unicode-code,crawl reading 경,,
a011d,򠄝,1,0,0,,exclude,non-unicode-code,crawl reading 경,,
a011e,򠄞,1,0,0,,exclude,non-unicode-code,crawl reading 경,,
a011f,򠄟,1,0,0,,exclude,non-unicode-code,crawl reading 고,,
a0120,򠄠,1,0,0,,exclude,non-unicode-code,crawl reading 고,,
a0121,򠄡,1,0,0,,exclude,non-unicode-code,crawl reading 고,,
a0122,򠄢,1,0,0,,exclude,non-unicode-code,crawl reading 고,,
a0123,򠄣,1,0,0,,exclude,non-unicode-code,crawl reading 과,,
a0124,򠄤,1,0,0,,exclude,non-unicode-code,crawl reading 곽,,
a0125,򠄥,1,0,0,,exclude,non-unicode-code,crawl reading 관,,
a0126,򠄦,1,0,0,,exclude,non-unicode-code,crawl reading 관,,
a0127,򠄧,1,0,0,,exclude,non-unicode-code,crawl reading 관,,
a0128,򠄨,1,0,0,,exclude,non-unicode-code,crawl reading 관,,
a0129,򠄩,1,0,0,,exclude,non-unicode-code,crawl reading 관,,
a012a,򠄪,1,0,0,,exclude,non-unicode-code,crawl reading 교,,
a012b,򠄫,1,0,0,,exclude,non-unicode-code,crawl reading 구,,
a012c,򠄬,1,0,0,,exclude,non-unicode-code,crawl reading 구,,
a012d,򠄭,1,0,0,,exclude,non-unicode-code,crawl reading 국,,
a012e,򠄮,1,0,0,,exclude,non-unicode-code,crawl reading 궁,,
a012f,򠄯,1,0,0,,exclude,non-unicode-code,crawl reading 권,,
a0130,򠄰,1,0,0,,exclude,non-unicode-code,crawl reading 권,,
a0131,򠄱,1,0,0,,exclude,non-unicode-code,crawl reading 궐,,
a0132,򠄲,1,0,0,,exclude,non-unicode-code,crawl reading 규,,
a0133,򠄳,1,0,0,,exclude,non-unicode-code,crawl reading 균,,
a0134,򠄴,1,0,0,,exclude,non-unicode-code,crawl reading 근,,
a0135,򠄵,1,0,0,,exclude,non-unicode-code,crawl reading 근,,
a0136,򠄶,1,0,0,,exclude,non-unicode-code,crawl reading 금,,
a0137,򠄷,1,0,0,,exclude,non-unicode-code,crawl reading 낙,,
a0138,򠄸,1,0,0,,exclude,non-unicode-code,crawl reading 다/차,,
a0138,򠄸,1,0,0,,exclude,non-unicode-code,crawl reading 다/차,,
a0139,򠄹,1,0,0,,exclude,non-unicode-code,crawl reading 담,,
a013a,򠄺,1,0,0,,exclude,non-unicode-code,crawl reading 도,,
a013b,򠄻,1,0,0,,exclude,non-unicode-code,crawl reading 동,,
a013c,򠄼,1,0,0,,exclude,non-unicode-code,crawl reading 두,,
a013d,򠄽,1,0,0,,exclude,non-unicode-code,crawl reading 둔,,
a013e,򠄾,1,0,0,,exclude,non-unicode-code,crawl reading 등,,
a013f,򠄿,1,0,0,,exclude,non-unicode-code,crawl reading 나/라,,
a013f,򠄿,1,0,0,,exclude,non-unicode-code,crawl reading 나/라,,
a0140,򠅀,1,0,0,,exclude,non-unicode-code,crawl reading 낙/락,,
a0140,򠅀,1,0,0,,exclude,non-unicode-code,crawl reading 낙/락,,
a0141,򠅁,1,0,0,,exclude,non-unicode-code,crawl reading 난/란,,
a0141,򠅁,1,0,0,,exclude,non-unicode-code,crawl reading 난/란,,
a0142,򠅂,1,0,0,,exclude,non-unicode-code,crawl reading 남/람,,
a0142,򠅂,1,0,0,,exclude,non-unicode-code,crawl reading 남/람,,
a0143,򠅃,1,0,0,,exclude,non-unicode-code,crawl reading 내/래,,
a0143,򠅃,1,0,0,,exclude,non-unicode-code,crawl reading 내/래,,
a0144,򠅄,1,0,0,,exclude,non-unicode-code,crawl reading 려/여,,
a0144,򠅄,1,0,0,,exclude,non-unicode-code,crawl reading 려/여,,
a0145,򠅅,1,0,0,,exclude,non-unicode-code,crawl reading 련/연,,
a0145,򠅅,1,0,0,,exclude,non-unicode-code,crawl reading 련/연,,
a0146,򠅆,1,0,0,,exclude,non-unicode-code,crawl reading 노/로,,
a0147,򠅇,1,0,0,,exclude,non-unicode-code,crawl reading 녹/록,,
a0148,򠅈,1,0,0,,exclude,non-unicode-code,crawl reading 료/요,,
a0148,򠅈,1,0,0,,exclude,non-unicode-code,crawl reading 료/요,,
a0149,򠅉,1,0,0,,exclude,non-unicode-code,crawl reading 누/루,,
a014a,򠅊,1,0,0,,exclude,non-unicode-code,crawl reading 능/릉,,
a014b,򠅋,1,0,0,,exclude,non-unicode-code,crawl reading 리/이,,
a014b,򠅋,1,0,0,,exclude,non-unicode-code,crawl reading 리/이,,
a014c,򠅌,1,0,0,,exclude,non-unicode-code,crawl reading 린/인,,
a014c,򠅌,1,0,0,,exclude,non-unicode-code,crawl reading 린/인,,
a014d,򠅍,1,0,0,,exclude,non-unicode-code,crawl reading 린/인,,
a014d,򠅍,1,0,0,,exclude,non-unicode-code,crawl reading 린/인,,
a014e,򠅎,1,0,0,,exclude,non-unicode-code,crawl reading 막,,
a014f,򠅏,1,0,0,,exclude,non-unicode-code,crawl reading 막,,
a0150,򠅐,1,0,0,,exclude,non-unicode-code,crawl reading 막,,
a0151,򠅑,1,0,0,,exclude,non-unicode-code,crawl reading 만,,
a0152,򠅒,1,0,0,,exclude,non-unicode-code,crawl reading 만,,
a0153,򠅓,1,0,0,,exclude,non-unicode-code,crawl reading 말,,
a0154,򠅔,1,0,0,,exclude,non-unicode-code,crawl reading 말,,
a0155,򠅕,1,0,0,,exclude,non-unicode-code,crawl reading 망,,
a0156,򠅖,1,0,0,,exclude,non-unicode-code,crawl reading 망,,
a0157,򠅗,1,0,0,,exclude,non-unicode-code,crawl reading 매,,
a0158,򠅘,1,0,0,,exclude,non-unicode-code,crawl reading 맥,,
a0159,򠅙,1,0,0,,exclude,non-unicode-code,crawl reading 맹,,
a015a,򠅚,1,0,0,,exclude,non-unicode-code,crawl reading 멸,,
a015b,򠅛,1,0,0,,exclude,non-unicode-code,crawl reading 명,,
a015c,򠅜,1,0,0,,exclude,non-unicode-code,crawl reading 명,,
a015d,򠅝,1,0,0,,exclude,non-unicode-code,crawl reading 모,,
a015e,򠅞,1,0,0,,exclude,non-unicode-code,crawl reading 모,,
a015f,򠅟,1,0,0,,exclude,non-unicode-code,crawl reading 모,,
a0160,򠅠,1,0,0,,exclude,non-unicode-code,crawl reading 모,,
a0161,򠅡,1,0,0,,exclude,non-unicode-code,crawl reading 모,,
a0162,򠅢,1,0,0,,exclude,non-unicode-code,crawl reading 모,,
a0163,򠅣,1,0,0,,exclude,non-unicode-code,crawl reading 모,,
a0164,򠅤,1,0,0,,exclude,non-unicode-code,crawl reading 모,,
a0165,򠅥,1,0,0,,exclude,non-unicode-code,crawl reading 모,,
a0166,򠅦,1,0,0,,exclude,non-unicode-code,crawl reading 몽,,
a0167,򠅧,1,0,0,,exclude,non-unicode-code,crawl reading 몽,,
a0169,򠅩,1,0,0,,exclude,non-unicode-code,crawl reading 묘,,
a016a,򠅪,1,0,0,,exclude,non-unicode-code,crawl reading 묘,,
a016b,򠅫,1,0,0,,exclude,non-unicode-code,crawl reading 묘,,
a016c,򠅬,1,0,0,,exclude,non-unicode-code,crawl reading 무,,
a016d,򠅭,1,0,0,,exclude,non-unicode-code,crawl reading 무,,
a016e,򠅮,1,0,0,,exclude,non-unicode-code,crawl reading 미,,
a016f,򠅯,1,0,0,,exclude,non-unicode-code,crawl reading 박,,
a0170,򠅰,1,0,0,,exclude,non-unicode-code,crawl reading 방,,
a0171,򠅱,1,0,0,,exclude,non-unicode-code,crawl reading 방,,
a0172,򠅲,1,0,0,,exclude,non-unicode-code,crawl reading 번,,
a0173,򠅳,1,0,0,,exclude,non-unicode-code,crawl reading 번,,
a0174,򠅴,1,0,0,,exclude,non-unicode-code,crawl reading 범,,
a0175,򠅵,1,0,0,,exclude,non-unicode-code,crawl reading 벽,,
a0176,򠅶,1,0,0,,exclude,non-unicode-code,crawl reading 보,,
a0177,򠅷,1,0,0,,exclude,non-unicode-code,crawl reading 복,,
a0178,򠅸,1,0,0,,exclude,non-unicode-code,crawl reading 복,,
a0179,򠅹,1,0,0,,exclude,non-unicode-code,crawl reading 봉,,
a017a,򠅺,1,0,0,,exclude,non-unicode-code,crawl reading 부,,
a017b,򠅻,1,0,0,,exclude,non-unicode-code,crawl reading 부,,
a017c,򠅼,1,0,0,,exclude,non-unicode-code,crawl reading 분,,
a017d,򠅽,1,0,0,,exclude,non-unicode-code,crawl reading 사,,
a017e,򠅾,1,0,0,,exclude,non-unicode-code,crawl reading 사,,
a017f,򠅿,1,0,0,,exclude,non-unicode-code,crawl reading 산,,
a0180,򠆀,1,0,0,,exclude,non-unicode-code,crawl reading 살,,
a0181,򠆁,1,0,0,,exclude,non-unicode-code,crawl reading 삼,,
a0182,򠆂,1,0,0,,exclude,non-unicode-code,crawl reading 삼,,
a0183,򠆃,1,0,0,,exclude,non-unicode-code,crawl reading 서,,
a0184,򠆄,1,0,0,,exclude,non-unicode-code,crawl reading 석,,
a0185,򠆅,1,0,0,,exclude,non-unicode-code,crawl reading 선,,
a0186,򠆆,1,0,0,,exclude,non-unicode-code,crawl reading 설,,
a0187,򠆇,1,0,0,,exclude,non-unicode-code,crawl reading 엽/섭,,
a0187,򠆇,1,0,0,,exclude,non-unicode-code,crawl reading 엽/섭,,
a0188,򠆈,1,0,0,,exclude,non-unicode-code,crawl reading 소,,
a0189,򠆉,1,0,0,,exclude,non-unicode-code,crawl reading 소,,
a018a,򠆊,1,0,0,,exclude,non-unicode-code,crawl reading 소,,
a018b,򠆋,1,0,0,,exclude,non-unicode-code,crawl reading 손,,
a018c,򠆌,1,0,0,,exclude,non-unicode-code,crawl reading 수,,
a018d,򠆍,1,0,0,,exclude,non-unicode-code,crawl reading 수,,
a018e,򠆎,1,0,0,,exclude,non-unicode-code,crawl reading 수,,
a018f,򠆏,1,0,0,,exclude,non-unicode-code,crawl reading 수,,
a0190,򠆐,1,0,0,,exclude,non-unicode-code,crawl reading 숙,,
a0191,򠆑,1,0,0,,exclude,non-unicode-code,crawl reading 순,,
a0192,򠆒,1,0,0,,exclude,non-unicode-code,crawl reading 순,,
a0193,򠆓,1,0,0,,exclude,non-unicode-code,crawl reading 순,,
a0194,򠆔,1,0,0,,exclude,non-unicode-code,crawl reading 시,,
a0195,򠆕,1,0,0,,exclude,non-unicode-code,crawl reading 시,,
a0196,򠆖,1,0,0,,exclude,non-unicode-code,crawl reading 신,,
a0197,򠆗,1,0,0,,exclude,non-unicode-code,crawl reading 신,,
a0198,򠆘,1,0,0,,exclude,non-unicode-code,crawl reading 신,,
a0199,򠆙,1,0,0,,exclude,non-unicode-code,crawl reading 심,,
a019a,򠆚,1,0,0,,exclude,non-unicode-code,crawl reading 아,,
a019b,򠆛,1,0,0,,exclude,non-unicode-code,crawl reading 아,,
a019c,򠆜,1,0,0,,exclude,non-unicode-code,crawl reading 암,,
a019d,򠆝,1,0,0,,exclude,non-unicode-code,crawl reading 애/예,,
a019d,򠆝,1,0,0,,exclude,non-unicode-code,crawl reading 애/예,,
a019e,򠆞,1,0,0,,exclude,non-unicode-code,crawl reading 야,,
a019f,򠆟,1,0,0,,exclude,non-unicode-code,crawl reading 야/약,,
a019f,򠆟,1,0,0,,exclude,non-unicode-code,crawl reading 야/약,,
a01a0,򠆠,1,0,0,,exclude,non-unicode-code,crawl reading 약,,
a01a1,򠆡,1,0,0,,exclude,non-unicode-code,crawl reading 약,,
a01a2,򠆢,1,0,0,,exclude,non-unicode-code,crawl reading 약,,
a01a3,򠆣,1,0,0,,exclude,non-unicode-code,crawl reading 얼,,
a01a4,򠆤,1,0,0,,exclude,non-unicode-code,crawl reading 여,,
a01a5,򠆥,1,0,0,,exclude,non-unicode-code,crawl reading 염,,
a01a6,򠆦,1,0,0,,exclude,non-unicode-code,crawl reading 엽,,
a01a7,򠆧,1,0,0,,exclude,non-unicode-code,crawl reading 엽,,
a01a8,򠆨,1,0,0,,exclude,non-unicode-code,crawl reading 영,,
a01a9,򠆩,1,0,0,,exclude,non-unicode-code,crawl reading 영,,
a01aa,򠆪,1,0,0,,exclude,non-unicode-code,crawl reading 영,,
a01ab,򠆫,1,0,0,,exclude,non-unicode-code,crawl reading 영,,
a01ac,򠆬,1,0,0,,exclude,non-unicode-code,crawl reading 영,,
a01ad,򠆭,1,0,0,,exclude,non-unicode-code,crawl reading 영,,
a01ae,򠆮,1,0,0,,exclude,non-unicode-code,crawl reading 예,,
a01af,򠆯,1,0,0,,exclude,non-unicode-code,crawl reading 예,,
a01b0,򠆰,1,0,0,,exclude,non-unicode-code,crawl reading 예,,
a01b1,򠆱,1,0,0,,exclude,non-unicode-code,crawl reading 온,,
a01b2,򠆲,1,0,0,,exclude,non-unicode-code,crawl reading 완,,
a01b3,򠆳,1,0,0,,exclude,non-unicode-code,crawl reading 용,,
a01b4,򠆴,1,0,0,,exclude,non-unicode-code,crawl reading 용,,
a01b5,򠆵,1,0,0,,exclude,non-unicode-code,crawl reading 우/후,,
a01b5,򠆵,1,0,0,,exclude,non-unicode-code,crawl reading 우/후,,
a01b6,򠆶,1,0,0,,exclude,non-unicode-code,crawl reading 우,,
a01b7,򠆷,1,0,0,,exclude,non-unicode-code,crawl reading 운,,
a01b8,򠆸,1,0,0,,exclude,non-unicode-code,crawl reading 운,,
a01b9,򠆹,1,0,0,,exclude,non-unicode-code,crawl reading 울,,
a01ba,򠆺,1,0,0,,exclude,non-unicode-code,crawl reading 원,,
a01bb,򠆻,1,0,0,,exclude,non-unicode-code,crawl reading 위,,
a01bc,򠆼,1,0,0,,exclude,non-unicode-code,crawl reading 위,,
a01bd,򠆽,1,0,0,,exclude,non-unicode-code,crawl reading 위,,
a01be,򠆾,1,0,0,,exclude,non-unicode-code,crawl reading 유,,
a01bf,򠆿,1,0,0,,exclude,non-unicode-code,crawl reading 음,,
a01c0,򠇀,1,0,0,,exclude,non-unicode-code,crawl reading 의,,
a01c1,򠇁,1,0,0,,exclude,non-unicode-code,crawl reading 이,,
a01c2,򠇂,1,0,0,,exclude,non-unicode-code,crawl reading 이,,
a01c3,򠇃,1,0,0,,exclude,non-unicode-code,crawl reading 인,,
a01c4,򠇄,1,0,0,,exclude,non-unicode-code,crawl reading 임,,
a01c5,򠇅,1,0,0,,exclude,non-unicode-code,crawl reading 잉,,
a01c6,򠇆,1,0,0,,exclude,non-unicode-code,crawl reading 자,,
a01c7,򠇇,1,0,0,,exclude,non-unicode-code,crawl reading 자,,
a01c8,򠇈,1,0,0,,exclude,non-unicode-code,crawl reading 자,,
a01c9,򠇉,1,0,0,,exclude,non-unicode-code,crawl reading 작,,
a01ca,򠇊,1,0,0,,exclude,non-unicode-code,crawl reading 장,,
a01cb,򠇋,1,0,0,,exclude,non-unicode-code,crawl reading 장,,
a01cc,򠇌,1,0,0,,exclude,non-unicode-code,crawl reading 장,,
a01cd,򠇍,1,0,0,,exclude,non-unicode-code,crawl reading 장,,
a01ce,򠇎,1,0,0,,exclude,non-unicode-code,crawl reading 장,,
a01cf,򠇏,1,0,0,,exclude,non-unicode-code,crawl reading 장,,
a01d0,򠇐,1,0,0,,exclude,non-unicode-code,crawl reading 장,,
a01d1,򠇑,1,0,0,,exclude,non-unicode-code,crawl reading 저,,
a01d2,򠇒,1,0,0,,exclude,non-unicode-code,crawl reading 저,,
a01d3,򠇓,1,0,0,,exclude,non-unicode-code,crawl reading 저,,
a01d4,򠇔,1,0,0,,exclude,non-unicode-code,crawl reading 저,,
a01d5,򠇕,1,0,0,,exclude,non-unicode-code,crawl reading 적,,
a01d6,򠇖,1,0,0,,exclude,non-unicode-code,crawl reading 전,,
a01d7,򠇗,1,0,0,,exclude,non-unicode-code,crawl reading 제,,
a01d8,򠇘,1,0,0,,exclude,non-unicode-code,crawl reading 조,,
a01d9,򠇙,1,0,0,,exclude,non-unicode-code,crawl reading 줄,,
a01da,򠇚,1,0,0,,exclude,non-unicode-code,crawl reading 즙,,
a01db,򠇛,1,0,0,,exclude,non-unicode-code,crawl reading 증,,
a01dc,򠇜,1,0,0,,exclude,non-unicode-code,crawl reading 지,,
a01dd,򠇝,1,0,0,,exclude,non-unicode-code,crawl reading 지,,
a01de,򠇞,1,0,0,,exclude,non-unicode-code,crawl reading 진,,
a01df,򠇟,1,0,0,,exclude,non-unicode-code,crawl reading 망,,
a01e0,򠇠,1,0,0,,exclude,non-unicode-code,crawl reading 창,,
a01e1,򠇡,1,0,0,,exclude,non-unicode-code,crawl reading 창,,
a01e2,򠇢,1,0,0,,exclude,non-unicode-code,crawl reading 채,,
a01e3,򠇣,1,0,0,,exclude,non-unicode-code,crawl reading 채,,
a01e4,򠇤,1,0,0,,exclude,non-unicode-code,crawl reading 천,,
a01e5,򠇥,1,0,0,,exclude,non-unicode-code,crawl reading 청,,
a01e6,򠇦,1,0,0,,exclude,non-unicode-code,crawl reading 초,,
a01e7,򠇧,1,0,0,,exclude,non-unicode-code,crawl reading 초,,
a01e8,򠇨,1,0,0,,exclude,non-unicode-code,crawl reading 초,,
a01e9,򠇩,1,0,0,,exclude,non-unicode-code,crawl reading 총,,
a01ea,򠇪,1,0,0,,exclude,non-unicode-code,crawl reading 추,,
a01eb,򠇫,1,0,0,,exclude,non-unicode-code,crawl reading 축,,
a01ec,򠇬,1,0,0,,exclude,non-unicode-code,crawl reading 췌,,
a01ed,򠇭,1,0,0,,exclude,non-unicode-code,crawl reading 췌,,
a01ee,򠇮,1,0,0,,exclude,non-unicode-code,crawl reading 탑,,
a01ef,򠇯,1,0,0,,exclude,non-unicode-code,crawl reading 탕,,
a01f0,򠇰,1,0,0,,exclude,non-unicode-code,crawl reading 태,,
a01f1,򠇱,1,0,0,,exclude,non-unicode-code,crawl reading 파,,
a01f2,򠇲,1,0,0,,exclude,non-unicode-code,crawl reading 평,,
a01f3,򠇳,1,0,0,,exclude,non-unicode-code,crawl reading 폐,,
a01f4,򠇴,1,0,0,,exclude,non-unicode-code,crawl reading 포,,
a01f5,򠇵,1,0,0,,exclude,non-unicode-code,crawl reading 포,,
a01f6,򠇶,1,0,0,,exclude,non-unicode-code,crawl reading 포,,
a01f7,򠇷,1,0,0,,exclude,non-unicode-code,crawl reading 필,,
a01f8,򠇸,1,0,0,,exclude,non-unicode-code,crawl reading 하,,
a01f9,򠇹,1,0,0,,exclude,non-unicode-code,crawl reading 행,,
a01fa,򠇺,1,0,0,,exclude,non-unicode-code,crawl reading 협,,
a01fb,򠇻,1,0,0,,exclude,non-unicode-code,crawl reading 형,,
a01fc,򠇼,1,0,0,,exclude,non-unicode-code,crawl reading 혜,,
a01fd,򠇽,1,0,0,,exclude,non-unicode-code,crawl reading 호,,
a01fe,򠇾,1,0,0,,exclude,non-unicode-code,crawl reading 호,,
a01ff,򠇿,1,0,0,,exclude,non-unicode-code,crawl reading 호,,
a0200,򠈀,1,0,0,,exclude,non-unicode-code,crawl reading 호,,
a0201,򠈁,1,0,0,,exclude,non-unicode-code,crawl reading 호,,
a0202,򠈂,1,0,0,,exclude,non-unicode-code,crawl reading 호,,
a0203,򠈃,1,0,0,,exclude,non-unicode-code,crawl reading 화,,
a0204,򠈄,1,0,0,,exclude,non-unicode-code,crawl reading 화,,
a0205,򠈅,1,0,0,,exclude,non-unicode-code,crawl reading 화,,
a0206,򠈆,1,0,0,,exclude,non-unicode-code,crawl reading 화,,
a0207,򠈇,1,0,0,,exclude,non-unicode-code,crawl reading 화,,
a0208,򠈈,1,0,0,,exclude,non-unicode-code,crawl reading 확,,
a0209,򠈉,1,0,0,,exclude,non-unicode-code,crawl reading 환,,
a020a,򠈊,1,0,0,,exclude,non-unicode-code,crawl reading 환,,
a020b,򠈋,1,0,0,,exclude,non-unicode-code,crawl reading 황,,
a020c,򠈌,1,0,0,,exclude,non-unicode-code,crawl reading 황,,
a020d,򠈍,1,0,0,,exclude,non-unicode-code,crawl reading 회,,
a020e,򠈎,1,0,0,,exclude,non-unicode-code,crawl reading 획,,
a020f,򠈏,1,0,0,,exclude,non-unicode-code,crawl reading 훈,,
a0210,򠈐,1,0,0,,exclude,non-unicode-code,crawl reading 훙,,
a0211,򠈑,1,0,0,,exclude,non-unicode-code,crawl reading 훤,,
a0212,򠈒,1,0,0,,exclude,non-unicode-code,crawl reading 경,,
a0213,򠈓,1,0,0,,exclude,non-unicode-code,crawl reading 막,,
a0214,򠈔,1,0,0,,exclude,non-unicode-code,crawl reading 비,,
a0215,򠈕,1,0,0,,exclude,non-unicode-code,crawl reading 거,,
a0216,򠈖,1,0,0,,exclude,non-unicode-code,crawl reading 정,,
a0219,򠈙,1,0,0,,exclude,non-unicode-code,crawl reading 막,,
a021a,򠈚,1,0,0,,exclude,non-unicode-code,crawl reading 멱,,
a021b,򠈛,1,0,0,,exclude,non-unicode-code,crawl reading 지,,
a021d,򠈝,1,0,0,,exclude,non-unicode-code,crawl reading 서,,
a021e,򠈞,1,0,0,,exclude,non-unicode-code,crawl reading 설,,
a021f,򠈟,1,0,0,,exclude,non-unicode-code,crawl reading 은,,
a0220,򠈠,1,0,0,,exclude,non-unicode-code,crawl reading 인,,
a0221,򠈡,1,0,0,,exclude,non-unicode-code,crawl reading 준,,
a0222,򠈢,1,0,0,,exclude,non-unicode-code,crawl reading 진,,
a0223,򠈣,1,0,0,,exclude,non-unicode-code,crawl reading 천,,
a0226,򠈦,1,0,0,,exclude,non-unicode-code,crawl reading 성,,
a0227,򠈧,1,0,0,,exclude,non-unicode-code,crawl reading 미,,
a0228,򠈨,1,0,0,,exclude,non-unicode-code,crawl reading 임,,
a022d,򠈭,1,0,0,,exclude,non-unicode-code,crawl reading 집,,
a0236,򠈶,1,0,0,,exclude,non-unicode-code,crawl reading 애/예,,
a0236,򠈶,1,0,0,,exclude,non-unicode-code,crawl reading 애/예,,
a0239,򠈹,1,0,0,,exclude,non-unicode-code,crawl reading 성,,
a023a,򠈺,1,0,0,,exclude,non-unicode-code,crawl reading 주,,
a023f,򠈿,1,0,0,,exclude,non-unicode-code,crawl reading 산,,
a0242,򠉂,1,0,0,,exclude,non-unicode-code,crawl reading 자,,
a0243,򠉃,1,0,0,,exclude,non-unicode-code,crawl reading 매,,
a0244,򠉄,1,0,0,,exclude,non-unicode-code,crawl reading 별,,
a0245,򠉅,1,0,0,,exclude,non-unicode-code,crawl reading 예,,
a0246,򠉆,1,0,0,,exclude,non-unicode-code,crawl reading 예,,
a0247,򠉇,1,0,0,,exclude,non-unicode-code,crawl reading 윤,,
a0248,򠉈,1,0,0,,exclude,non-unicode-code,crawl reading 연,,
a024b,򠉋,1,0,0,,exclude,non-unicode-code,crawl reading 성,,
a024c,򠉌,1,0,0,,exclude,non-unicode-code,crawl reading 성,,
a024d,򠉍,1,0,0,,exclude,non-unicode-code,crawl reading 성,,
a024e,򠉎,1,0,0,,exclude,non-unicode-code,crawl reading 능/릉,,
a0250,򠉐,1,0,0,,exclude,non-unicode-code,crawl reading 소,,
a0251,򠉑,1,0,0,,exclude,non-unicode-code,crawl reading 강,,
a0252,򠉒,1,0,0,,exclude,non-unicode-code,crawl reading 귀/균/구,,
a0252,򠉒,1,0,0,,exclude,non-unicode-code,crawl reading 귀/균/구,,
a0252,򠉒,1,0,0,,exclude,non-unicode-code,crawl reading 귀/균/구,,
a0253,򠉓,1,0,0,,exclude,non-unicode-code,crawl reading 망,,
a0254,򠉔,1,0,0,,exclude,non-unicode-code,crawl reading 병,,
a0255,򠉕,1,0,0,,exclude,non-unicode-code,crawl reading 인,,
a0256,򠉖,1,0,0,,exclude,non-unicode-code,crawl reading 훼,,
a0257,򠉗,1,0,0,,exclude,non-unicode-code,crawl reading 유,,
a0258,򠉘,1,0,0,,exclude,non-unicode-code,crawl reading 경,,
a0259,򠉙,1,0,0,,exclude,non-unicode-code,crawl reading 효,,
a025a,򠉚,1,0,0,,exclude,non-unicode-code,crawl reading 특,,
a025b,򠉛,1,0,0,,exclude,non-unicode-code,crawl reading 망,,
a025c,򠉜,1,0,0,,exclude,non-unicode-code,crawl reading 얼,,
a025d,򠉝,1,0,0,,exclude,non-unicode-code,crawl reading 영,,
a025e,򠉞,1,0,0,,exclude,non-unicode-code,crawl reading 영,,
a025f,򠉟,1,0,0,,exclude,non-unicode-code,crawl reading 은,,
a0260,򠉠,1,0,0,,exclude,non-unicode-code,crawl reading 은,,
a0261,򠉡,1,0,0,,exclude,non-unicode-code,crawl reading 예,,
a0262,򠉢,1,0,0,,exclude,non-unicode-code,crawl reading 다,,
a0263,򠉣,1,0,0,,exclude,non-unicode-code,crawl reading 함,,
a0264,򠉤,1,0,0,,exclude,non-unicode-code,crawl reading 화,,
a0265,򠉥,1,0,0,,exclude,non-unicode-code,crawl reading 백,,
a0266,򠉦,1,0,0,,exclude,non-unicode-code,crawl reading 라,,
a0267,򠉧,1,0,0,,exclude,non-unicode-code,crawl reading 남/람,,
a0267,򠉧,1,0,0,,exclude,non-unicode-code,crawl reading 남/람,,
a0268,򠉨,1,0,0,,exclude,non-unicode-code,crawl reading 애/예,,
a0268,򠉨,1,0,0,,exclude,non-unicode-code,crawl reading 애/예,,
a0269,򠉩,1,0,0,,exclude,non-unicode-code,crawl reading 경,,
a026a,򠉪,1,0,0,,exclude,non-unicode-code,crawl reading 관,,
a026b,򠉫,1,0,0,,exclude,non-unicode-code,crawl reading 울,,
a026c,򠉬,1,0,0,,exclude,non-unicode-code,crawl reading 훈,,
a026d,򠉭,1,0,0,,exclude,non-unicode-code,crawl reading 호,,
a026e,򠉮,1,0,0,,exclude,non-unicode-code,crawl reading 묘,,
a026f,򠉯,1,0,0,,exclude,non-unicode-code,crawl reading 묘,,
a0270,򠉰,1,0,0,,exclude,non-unicode-code,crawl reading 다,,
a0271,򠉱,1,0,0,,exclude,non-unicode-code,crawl reading 노/로,,
a0272,򠉲,1,0,0,,exclude,non-unicode-code,crawl reading 저,,
a0273,򠉳,1,0,0,,exclude,non-unicode-code,crawl reading 기,,
a0274,򠉴,1,0,0,,exclude,non-unicode-code,crawl reading 나,,
a0275,򠉵,1,0,0,,exclude,non-unicode-code,crawl reading 후,,
a0283,򠊃,1,0,0,,exclude,non-unicode-code,crawl reading 단,,
a0284,򠊄,1,0,0,,exclude,non-unicode-code,crawl reading 도,,
a028a,򠊊,1,0,0,,exclude,non-unicode-code,crawl reading 변,,
a028d,򠊍,1,0,0,,exclude,non-unicode-code,crawl reading 원,,
a028e,򠊎,1,0,0,,exclude,non-unicode-code,crawl reading 겸,,
a0290,򠊐,1,0,0,,exclude,non-unicode-code,crawl reading 해,,
a0291,򠊑,1,0,0,,exclude,non-unicode-code,crawl reading 례/예,,
a0291,򠊑,1,0,0,,exclude,non-unicode-code,crawl reading 례/예,,
a0292,򠊒,1,0,0,,exclude,non-unicode-code,crawl reading 검,,
a0293,򠊓,1,0,0,,exclude,non-unicode-code,crawl reading 저,,
a0294,򠊔,1,0,0,,exclude,non-unicode-code,crawl reading 경,,
a0295,򠊕,1,0,0,,exclude,non-unicode-code,crawl reading 영,,
a0296,򠊖,1,0,0,,exclude,non-unicode-code,crawl reading 모,,
a029b,򠊛,1,0,0,,exclude,non-unicode-code,crawl reading 동,,
a02b8,򠊸,1,0,0,,exclude,non-unicode-code,crawl reading 규,,
a02bd,򠊽,1,0,0,,exclude,non-unicode-code,crawl reading 도,,
a02bf,򠊿,1,0,0,,exclude,non-unicode-code,crawl reading 송,,
a02c0,򠋀,1,0,0,,exclude,non-unicode-code,crawl reading 리/이,,
a02c0,򠋀,1,0,0,,exclude,non-unicode-code,crawl reading 리/이,,
a02c5,򠋅,1,0,0,,exclude,non-unicode-code,crawl reading 서,,
a02cf,򠋏,1,0,0,,exclude,non-unicode-code,crawl reading 려/여,,
a02cf,򠋏,1,0,0,,exclude,non-unicode-code,crawl reading 려/여,,
a02d1,򠋑,1,0,0,,exclude,non-unicode-code,crawl reading 노/로,,
a02d3,򠋓,1,0,0,,exclude,non-unicode-code,crawl reading 유,,
a02d4,򠋔,1,0,0,,exclude,non-unicode-code,crawl reading 온,,
a02d5,򠋕,1,0,0,,exclude,non-unicode-code,crawl reading 호,,
a02d6,򠋖,1,0,0,,exclude,non-unicode-code,crawl reading 훈,,
a02d7,򠋗,1,0,0,,exclude,non-unicode-code,crawl reading 늠/름,,
a02d8,򠋘,1,0,0,,exclude,non-unicode-code,crawl reading 미,,
a02de,򠋞,1,0,0,,exclude,non-unicode-code,crawl reading 렴,,
a02df,򠋟,1,0,0,,exclude,non-unicode-code,crawl reading 면,,
a02e0,򠋠,1,0,0,,exclude,non-unicode-code,crawl reading 섬,,
a02e1,򠋡,1,0,0,,exclude,non-unicode-code,crawl reading 유,,
a02e3,򠋣,1,0,0,,exclude,non-unicode-code,crawl reading 유,,
f04c4,󰓄,1,0,0,,exclude,non-unicode-code,crawl reading 령/영,,
f04c4,󰓄,1,0,0,,exclude,non-unicode-code,crawl reading 령/영,,
f0767,󰝧,1,0,0,,exclude,non-unicode-code,crawl reading 복,,
f07e1,󰟡,1,0,0,,exclude,non-unicode-code,crawl reading 사,,
f08ae,󰢮,1,0,0,,exclude,non-unicode-code,crawl reading 선,,
f090a,󰤊,1,0,0,,exclude,non-unicode-code,crawl reading 성,,
f0a8e,󰪎,1,0,0,,exclude,non-unicode-code,crawl reading 시,,
f0a90,󰪐,1,0,0,,exclude,non-unicode-code,crawl reading 시/제/지,,
f0a90,󰪐,1,0,0,,exclude,non-unicode-code,crawl reading 시/제/지,,
f0a90,󰪐,1,0,0,,exclude,non-unicode-code,crawl reading 시/제/지,,
f0aa6,󰪦,1,0,0,,exclude,non-unicode-code,crawl reading 신,,
f0f74,󰽴,1,0,0,,exclude,non-unicode-code,crawl reading 은,,
f10e3,󱃣,1,0,0,,exclude,non-unicode-code,crawl reading 정,,
f12fe,󱋾,1,0,0,,exclude,non-unicode-code,crawl reading 진,,
f153f,󱔿,1,0,0,,exclude,non-unicode-code,crawl reading 항,,
f1543,󱕃,1,0,0,,exclude,non-unicode-code,crawl reading 해,,
f17b8,󱞸,1,0,0,,exclude,non-unicode-code,crawl reading 훈,,
f1cd6,󱳖,1,0,0,,exclude,non-unicode-code,crawl reading 면,,
f298a,󲦊,1,0,0,,exclude,non-unicode-code,crawl reading 진,,
f2b67,󲭧,1,0,0,,exclude,non-unicode-code,crawl reading 해,,
f3450,󳑐,1,0,0,,exclude,non-unicode-code,crawl reading 민,,
f346d,󳑭,1,0,0,,exclude,non-unicode-code,crawl reading 조,,
f346e,󳑮,1,0,0,,exclude,non-unicode-code,crawl reading 호,,
f346f,󳑯,1,0,0,,exclude,non-unicode-code,crawl reading 축,,
f3474,󳑴,1,0,0,,exclude,non-unicode-code,crawl reading 기,,
f3477,󳑷,1,0,0,,exclude,non-unicode-code,crawl reading 화,,
f347d,󳑽,1,0,0,,exclude,non-unicode-code,crawl reading 희,,
f3480,󳒀,1,0,0,,exclude,non-unicode-code,crawl reading 도,,
f34b4,󳒴,1,0,0,,exclude,non-unicode-code,crawl reading 례/예,,
f34b4,󳒴,1,0,0,,exclude,non-unicode-code,crawl reading 례/예,,
f34b5,󳒵,1,0,0,,exclude,non-unicode-code,crawl reading 기,,
f34b6,󳒶,1,0,0,,exclude,non-unicode-code,crawl reading 지,,
