radical,form,pool_chars,element,confidence,tier,votes,reference_only,review_element,review_note
1,一,20,,,none,,kseimei=土 meimingteng-yiqibazi=土 chachaqiming=土,,
2,丨,6,,,none,,kseimei=木,,
3,丶,3,,,none,,kseimei=水,,
4,丿,10,水,0.6,single,agiirum-juyeok=水,kseimei=火 meimingteng-yiqibazi=火,,
5,乙,18,木,0.6,single,namestory-kimmantae=木,kseimei=木,,
6,亅,3,,,none,,kseimei=金,,
7,二,13,,,none,,kseimei=土,,
8,亠,15,土,0.6,single,agiirum-juyeok=土,,,
9,人,351,土,0.5,contested,namestory-kimmantae=土 ksname-antaeok=火,kseimei=火 kangxizidian-attr=金,,
10,儿,24,木,0.5,contested,namestory-kimmantae=木 hankukjakmyeongwon-irum-miso=火 agiirum-juyeok=木,,,
11,入,5,土,0.8,agree,hankukjakmyeongwon-irum-miso=土 agiirum-juyeok=土,,,
12,八,11,金,0.6,single,namestory-kimmantae=金,kseimei=火,,
13,冂,12,,,none,,kseimei=土,,
14,冖,9,,,none,,,,
15,冫,28,水,0.9,consensus,ksname-antaeok=水 sina-blog=水 shenjige=水,kseimei=水,,
16,几,7,,,none,,kseimei=金,,
17,凵,5,,,none,,kseimei=土,,
18,刀,73,金,0.9,consensus,namestory-kimmantae=金 ksname-antaeok=金 hankukjakmyeongwon-irum-miso=金 sina-blog=金 shenjige=金,kseimei=金 kangxizidian-attr=金,,
19,力,50,土,0.6,single,namestory-kimmantae=土,kseimei=木金,,
20,勹,15,金,0.6,single,namestory-kimmantae=金,,,
21,匕,4,金,0.6,single,namestory-kimmantae=金,,,
22,匚,8,土,0.6,single,sina-blog=土,kseimei=土,,
23,匸,7,土,0.6,single,ksname-antaeok=土,kseimei=土,,
24,十,16,水,0.6,single,agiirum-juyeok=水,kseimei=土,,
25,卜,6,,,none,,kseimei=木,,
26,卩,16,木,0.6,single,agiirum-juyeok=木,kseimei=木,,
27,厂,15,土,0.9,consensus,namestory-kimmantae=土 agiirum-juyeok=土 sina-blog=土,kseimei=土,,
28,厶,3,,,none,,kseimei=水,,
29,又,15,水,0.6,single,namestory-kimmantae=水,kseimei=土,,
30,口,301,水,0.9,consensus,namestory-kimmantae=水 hankukjakmyeongwon-irum-miso=水 agiirum-juyeok=水,kseimei=金 kangxizidian-attr=木,,
31,囗,32,水,0.6,single,agiirum-juyeok=水,,,
32,土,201,土,0.9,consensus,namestory-kimmantae=土 ksname-antaeok=土 sajucode=土 hankukjakmyeongwon-irum-miso=土 agiirum-juyeok=土 sina-blog=土 kvov-nnn666=土 shenjige=土,kseimei=土 kangxizidian-attr=土 meimingteng-yiqibazi=土 chachaqiming=土,,
33,士,8,,,none,,kseimei=土,,
34,夂,2,,,none,,,,
35,夊,4,,,none,,,,
36,夕,11,水,0.8,agree,namestory-kimmantae=水 hankukjakmyeongwon-irum-miso=水,kseimei=金,,
37,大,43,木,0.8,agree,namestory-kimmantae=木 agiirum-juyeok=木,kseimei=土 kangxizidian-attr=火,,
38,女,254,土,0.9,consensus,namestory-kimmantae=土 ksname-antaeok=土 agiirum-juyeok=土,kseimei=土 kangxizidian-attr=火,,
39,子,30,水,0.9,consensus,namestory-kimmantae=水 ksname-antaeok=水 agiirum-juyeok=水,kseimei=水 kangxizidian-attr=水,,
40,宀,71,木,0.9,consensus,namestory-kimmantae=木 hankukjakmyeongwon-irum-miso=木 agiirum-juyeok=木,kseimei=金 kangxizidian-attr=火,,
41,寸,16,,,none,,kseimei=土,,
42,小,6,,,none,,,,
43,尢,3,土,0.6,single,ksname-antaeok=土,kseimei=土,,
44,尸,27,,,none,,kseimei=土 meimingteng-yiqibazi=土 chachaqiming=土,,
45,屮,1,木,0.6,single,ksname-antaeok=木,kseimei=木,,
46,山,150,土,0.9,consensus,namestory-kimmantae=土 ksname-antaeok=土 sajucode=土 hankukjakmyeongwon-irum-miso=土 agiirum-juyeok=土 sina-blog=土 kvov-nnn666=土 shenjige=土,kseimei=土 kangxizidian-attr=土 meimingteng-yiqibazi=土,,
47,巛,4,水,0.6,single,ksname-antaeok=水,kseimei=水,,
48,工,7,火,0.5,contested,ksname-antaeok=火 hankukjakmyeongwon-irum-miso=土,kseimei=土,,
49,己,9,土,0.6,single,namestory-kimmantae=土,kseimei=土,,
50,巾,46,木,0.9,consensus,namestory-kimmantae=木 ksname-antaeok=木 shenjige=木,kseimei=土,,
51,干,7,木,0.6,single,ksname-antaeok=木,kseimei=火,,
52,幺,5,火,0.6,single,ksname-antaeok=火,kseimei=土 meimingteng-yiqibazi=土 chachaqiming=土,,
53,广,65,木,0.7,majority,namestory-kimmantae=土 ksname-antaeok=木 hankukjakmyeongwon-irum-miso=木 agiirum-juyeok=木,kseimei=土 kangxizidian-attr=木,,
54,廴,4,木,0.6,single,agiirum-juyeok=木,kseimei=水,,
55,廾,9,,,none,,,,
56,弋,3,,,none,,kseimei=金,,
57,弓,28,金,0.6,single,shenjige=金,kseimei=木,,
58,彐,7,,,none,,kseimei=土,,
59,彡,12,木,0.6,single,namestory-kimmantae=木,kseimei=木火,,
60,彳,47,火,0.9,consensus,namestory-kimmantae=火 ksname-antaeok=火 agiirum-juyeok=火,kseimei=火,,
61,心,323,火,0.9,consensus,namestory-kimmantae=火 ksname-antaeok=火 hankukjakmyeongwon-irum-miso=火,kseimei=火 kangxizidian-attr=金 meimingteng-yiqibazi=火,,
62,戈,27,金,0.5,contested,namestory-kimmantae=金 hankukjakmyeongwon-irum-miso=火 shenjige=金,kseimei=金 kangxizidian-attr=金,,
63,戶,11,木,0.6,single,ksname-antaeok=木,kseimei=木,,
64,手,343,木,0.9,consensus,namestory-kimmantae=木 ksname-antaeok=木 agiirum-juyeok=木,kseimei=土 kangxizidian-attr=金 meimingteng-yiqibazi=土 chachaqiming=土,,
65,支,5,土,0.6,single,ksname-antaeok=土,kseimei=木,,
66,攴,47,金,0.8,agree,ksname-antaeok=金 hankukjakmyeongwon-irum-miso=金,,,
67,文,5,木,0.8,agree,ksname-antaeok=木 agiirum-juyeok=木,kseimei=火,,
68,斗,7,火,0.8,agree,ksname-antaeok=火 agiirum-juyeok=火,kseimei=水,,
69,斤,12,金,0.6,single,namestory-kimmantae=金,kseimei=金,,
70,方,16,土,0.6,single,namestory-kimmantae=土,kseimei=土,,
71,无,2,,,none,,,,
72,日,183,火,0.9,consensus,namestory-kimmantae=火 hankukjakmyeongwon-irum-miso=火 agiirum-juyeok=火 tarotcafe=火 sina-blog=火 kvov-nnn666=火 shenjige=火,kseimei=火 kangxizidian-attr=火 meimingteng-yiqibazi=火,,
73,曰,15,火,0.5,contested,namestory-kimmantae=火 agiirum-juyeok=土,kseimei=火,,
74,月,20,水,0.9,consensus,namestory-kimmantae=水 ksname-antaeok=水 hankukjakmyeongwon-irum-miso=水,kseimei=水 kangxizidian-attr=木,,
75,木,467,木,0.9,consensus,namestory-kimmantae=木 ksname-antaeok=木 sajucode=木 hankukjakmyeongwon-irum-miso=木 agiirum-juyeok=木 erumy=木 sina-blog=木 kvov-nnn666=木 shenjige=木 baidu-jingyan=木 cnddy=木,kseimei=木 kangxizidian-attr=木,,
76,欠,40,,,none,,kseimei=水,,
77,止,13,土,0.8,agree,ksname-antaeok=土 agiirum-juyeok=土,kseimei=土,,
78,歹,21,水,0.6,single,ksname-antaeok=水,,,
79,殳,14,金,0.6,single,ksname-antaeok=金,kseimei=金,,
80,毋,5,土,0.6,single,ksname-antaeok=土,kseimei=土,,
81,比,5,,,none,,kseimei=金,,
82,毛,8,火,0.6,single,ksname-antaeok=火,kseimei=木火,,
83,氏,4,火,0.6,single,ksname-antaeok=火,kseimei=土,,
84,气,5,水,0.8,agree,namestory-kimmantae=水 ksname-antaeok=水,kseimei=火,,
85,水,618,水,0.9,consensus,namestory-kimmantae=水 ksname-antaeok=水 sajucode=水 hankukjakmyeongwon-irum-miso=水 agiirum-juyeok=水 erumy=水 sina-blog=水 shenjige=水,kseimei=水 kangxizidian-attr=水,,
86,火,204,火,0.9,consensus,namestory-kimmantae=火 ksname-antaeok=火 sajucode=火 hankukjakmyeongwon-irum-miso=火 agiirum-juyeok=火 tarotcafe=火 sina-blog=火 kvov-nnn666=火 shenjige=火,kseimei=火 kangxizidian-attr=火,,
87,爪,6,,,none,,,,
88,父,4,木,0.6,single,ksname-antaeok=木,,,
89,爻,3,,,none,,,,
90,爿,4,,,none,,,,
91,片,9,木,0.6,single,ksname-antaeok=木,kseimei=土,,
92,牙,2,,,none,,,,
93,牛,25,土,0.8,agree,namestory-kimmantae=土 ksname-antaeok=土,kseimei=土,,
94,犬,75,,,none,,kseimei=土,,
95,玄,4,水,0.8,agree,namestory-kimmantae=水 ksname-antaeok=水,kseimei=水,,
96,玉,222,金,0.7,majority,namestory-kimmantae=金 ksname-antaeok=金 hankukjakmyeongwon-irum-miso=金 agiirum-juyeok=金 sina-blog=金 kvov-nnn666=金 shenjige=土,kseimei=木金 kangxizidian-attr=土木 meimingteng-yiqibazi=土,,
97,瓜,4,,,none,,kseimei=木,,
98,瓦,13,土,0.6,single,shenjige=土,kseimei=土,,
99,甘,5,土,0.6,single,ksname-antaeok=土,kseimei=土,,
100,生,7,木,0.6,single,namestory-kimmantae=木,kseimei=木,,
101,用,5,水,0.9,consensus,namestory-kimmantae=水 ksname-antaeok=水 hankukjakmyeongwon-irum-miso=水,kseimei=木,,
102,田,46,土,0.9,consensus,namestory-kimmantae=土 sina-blog=土 shenjige=土,kseimei=土 kangxizidian-attr=火 meimingteng-yiqibazi=土 chachaqiming=土,,
103,疋,4,,,none,,kseimei=土,,
104,疒,95,水,0.8,agree,namestory-kimmantae=水 ksname-antaeok=水,kseimei=火,,
105,癶,3,,,none,,,,
106,白,27,金,0.8,agree,namestory-kimmantae=金 hankukjakmyeongwon-irum-miso=金,kseimei=金 kangxizidian-attr=水,,
107,皮,5,金,0.6,single,namestory-kimmantae=金,kseimei=金 kangxizidian-attr=水,,
108,皿,26,土,0.6,single,shenjige=土,kseimei=金,,
109,目,110,木,0.9,consensus,namestory-kimmantae=木 ksname-antaeok=木 hankukjakmyeongwon-irum-miso=木,kseimei=火 kangxizidian-attr=水,,
110,矛,4,金,0.8,agree,namestory-kimmantae=金 ksname-antaeok=金,kseimei=木,,
111,矢,12,金,0.8,agree,namestory-kimmantae=金 ksname-antaeok=金,kseimei=金,,
112,石,115,金,0.7,majority,namestory-kimmantae=金 ksname-antaeok=金 sajucode=金 shenjige=土,kseimei=金 kangxizidian-attr=金 meimingteng-yiqibazi=土,,
113,示,67,火,0.5,contested,namestory-kimmantae=火 agiirum-juyeok=木,kseimei=木 kangxizidian-attr=金,,
114,禸,6,木,0.6,single,agiirum-juyeok=木,,,
115,禾,87,木,0.9,consensus,namestory-kimmantae=木 ksname-antaeok=木 hankukjakmyeongwon-irum-miso=木 agiirum-juyeok=木 sina-blog=木 shenjige=木 baidu-jingyan=木,kseimei=水 kangxizidian-attr=水,,
116,穴,49,土,0.5,contested,namestory-kimmantae=土 ksname-antaeok=水,kseimei=土 kangxizidian-attr=水,,
117,立,20,金,0.6,single,namestory-kimmantae=金,kseimei=金 kangxizidian-attr=火,,
118,竹,133,木,0.9,consensus,namestory-kimmantae=木 ksname-antaeok=木 shenjige=木 baidu-jingyan=木,kseimei=木 kangxizidian-attr=木,,
119,米,44,木,0.9,consensus,namestory-kimmantae=木 ksname-antaeok=木 shenjige=木 baidu-jingyan=木,kseimei=金 kangxizidian-attr=水,,
120,糸,221,木,0.9,consensus,namestory-kimmantae=木 ksname-antaeok=木 hankukjakmyeongwon-irum-miso=木 shenjige=木,kseimei=土 kangxizidian-attr=水火,,
121,缶,14,土,0.8,agree,ksname-antaeok=土 shenjige=土,kseimei=土,,
122,网,28,木,0.6,single,ksname-antaeok=木,,,
123,羊,23,土,0.8,agree,namestory-kimmantae=土 ksname-antaeok=土,kseimei=金,,
124,羽,35,火,0.6,single,ksname-antaeok=火,kseimei=水,,
125,老,8,土,0.6,single,ksname-antaeok=土,kseimei=金,,
126,而,4,水,0.6,single,ksname-antaeok=水,,,
127,耒,14,木,0.6,single,shenjige=木,kseimei=木金,,
128,耳,33,火,0.6,single,ksname-antaeok=火,kseimei=水 kangxizidian-attr=火,,
129,聿,5,,,none,,kseimei=木,,
130,肉,147,水,0.6,single,namestory-kimmantae=水,kseimei=水 kangxizidian-attr=火,,
131,臣,5,,,none,,kseimei=土,,
132,自,3,,,none,,kseimei=金,,
133,至,7,土,0.8,agree,ksname-antaeok=土 agiirum-juyeok=土,,,
134,臼,9,土,0.6,single,ksname-antaeok=土,kseimei=金,,
135,舌,5,,,none,,kseimei=火,,
136,舛,3,木,0.6,single,ksname-antaeok=木,,,
137,舟,25,木,0.6,single,ksname-antaeok=木,kseimei=木,,
138,艮,3,土,0.8,agree,namestory-kimmantae=土 ksname-antaeok=土,kseimei=土 meimingteng-yiqibazi=土 chachaqiming=土,,
139,色,4,,,none,,,,
140,艸,386,木,0.9,consensus,namestory-kimmantae=木 ksname-antaeok=木 sajucode=木 hankukjakmyeongwon-irum-miso=木 agiirum-juyeok=木 sina-blog=木 kvov-nnn666=木 shenjige=木 baidu-jingyan=木,kseimei=木 kangxizidian-attr=木,,
141,虍,13,,,none,,kseimei=金,,
142,虫,128,水,0.6,single,ksname-antaeok=水,kseimei=金,,
143,血,4,水,0.8,agree,namestory-kimmantae=水 ksname-antaeok=水,,,
144,行,15,火,0.6,single,namestory-kimmantae=火,,,
145,衣,98,木,0.9,consensus,namestory-kimmantae=木 ksname-antaeok=木 agiirum-juyeok=木 shenjige=木,kseimei=土 kangxizidian-attr=土,,
146,襾,7,,,none,,kseimei=金,,
147,見,24,火,0.9,consensus,namestory-kimmantae=火 ksname-antaeok=火 hankukjakmyeongwon-irum-miso=火,kseimei=金 kangxizidian-attr=木,,
148,角,15,木,0.8,agree,namestory-kimmantae=木 ksname-antaeok=木,kseimei=木,,
149,言,247,金,0.9,consensus,namestory-kimmantae=金 ksname-antaeok=金 hankukjakmyeongwon-irum-miso=金 agiirum-juyeok=金,kseimei=金 kangxizidian-attr=木,,
150,谷,6,水,0.8,agree,namestory-kimmantae=水 ksname-antaeok=水,kseimei=土 kangxizidian-attr=木,,
151,豆,8,,,none,,kseimei=金,,
152,豕,9,水,0.6,single,ksname-antaeok=水,kseimei=水,,
153,豸,12,水,0.6,single,ksname-antaeok=水,kseimei=木,,
154,貝,81,金,0.9,consensus,namestory-kimmantae=金 ksname-antaeok=金 agiirum-juyeok=金 sina-blog=金,kseimei=金 kangxizidian-attr=水,,
155,赤,11,火,0.8,agree,namestory-kimmantae=火 ksname-antaeok=火,kseimei=火 meimingteng-yiqibazi=火,,
156,走,23,火,0.6,single,ksname-antaeok=火,,,
157,足,81,土,0.6,single,ksname-antaeok=土,kseimei=木水,,
158,身,6,,,none,,kseimei=金,,
159,車,68,火,0.7,majority,namestory-kimmantae=火 ksname-antaeok=火 hankukjakmyeongwon-irum-miso=火 agiirum-juyeok=火 shenjige=木,kseimei=金 kangxizidian-attr=金,,
160,辛,11,金,0.9,consensus,namestory-kimmantae=金 ksname-antaeok=金 shenjige=金,kseimei=金 kangxizidian-attr=金,,
161,辰,3,土,0.8,agree,namestory-kimmantae=土 ksname-antaeok=土,kseimei=土 meimingteng-yiqibazi=土 chachaqiming=土,,
162,辵,129,土,0.9,consensus,namestory-kimmantae=土 ksname-antaeok=土 hankukjakmyeongwon-irum-miso=土,kseimei=水,,
163,邑,98,土,0.9,consensus,namestory-kimmantae=土 ksname-antaeok=土 hankukjakmyeongwon-irum-miso=土 sina-blog=土,kseimei=土,,
164,酉,46,金,0.8,agree,namestory-kimmantae=金 shenjige=金,kseimei=金 kangxizidian-attr=金,,
165,釆,4,,,none,,kseimei=木,,
166,里,5,土,0.6,single,namestory-kimmantae=土,kseimei=土,,
167,金,264,金,0.9,consensus,namestory-kimmantae=金 ksname-antaeok=金 sajucode=金 hankukjakmyeongwon-irum-miso=金 agiirum-juyeok=金 sina-blog=金 kvov-nnn666=金 shenjige=金,kseimei=金 kangxizidian-attr=金,,
168,長,1,,,none,,kseimei=木,,
169,門,53,木,0.6,single,namestory-kimmantae=木,kseimei=木,,
170,阜,77,土,0.9,consensus,namestory-kimmantae=土 ksname-antaeok=土 agiirum-juyeok=土,kseimei=土,,
171,隶,3,水,0.6,single,ksname-antaeok=水,,,
172,隹,26,火,0.8,agree,namestory-kimmantae=火 ksname-antaeok=火,kseimei=土 kangxizidian-attr=火,,
173,雨,48,水,0.9,consensus,namestory-kimmantae=水 ksname-antaeok=水 hankukjakmyeongwon-irum-miso=水 sina-blog=水 shenjige=水,kseimei=水 kangxizidian-attr=水,,
174,靑,12,木,0.8,agree,namestory-kimmantae=木 ksname-antaeok=木,kseimei=木,,
175,非,3,水,0.6,single,ksname-antaeok=水,,,
176,面,3,火,0.6,single,ksname-antaeok=火,kseimei=土,,
177,革,30,金,0.8,agree,namestory-kimmantae=金 ksname-antaeok=金,kseimei=金,,
178,韋,10,金,0.8,agree,ksname-antaeok=金 agiirum-juyeok=金,kseimei=金,,
179,韭,3,,,none,,,,
180,音,12,金,0.6,single,ksname-antaeok=金,kseimei=金,,
181,頁,65,火,0.5,contested,namestory-kimmantae=木 ksname-antaeok=火 agiirum-juyeok=火,kseimei=金,,
182,風,16,木,0.8,agree,namestory-kimmantae=木 ksname-antaeok=木,kseimei=木,,
183,飛,2,火,0.8,agree,namestory-kimmantae=火 ksname-antaeok=火,,,
184,食,54,水,0.8,agree,namestory-kimmantae=水 ksname-antaeok=水,kseimei=土,,
185,首,3,水,0.6,single,ksname-antaeok=水,,,
186,香,14,木,0.8,agree,namestory-kimmantae=木 ksname-antaeok=木,kseimei=金,,
187,馬,83,火,0.8,agree,namestory-kimmantae=火 ksname-antaeok=火,kseimei=土 kangxizidian-attr=水,,
188,骨,15,金,0.6,single,namestory-kimmantae=金,kseimei=金,,
189,高,1,火,0.8,agree,namestory-kimmantae=火 ksname-antaeok=火,,,
190,髟,29,火,0.6,single,ksname-antaeok=火,kseimei=火,,
191,鬥,5,金,0.6,single,ksname-antaeok=金,,,
192,鬯,2,木,0.6,single,ksname-antaeok=木,kseimei=水,,
193,鬲,3,,,none,,,,
194,鬼,14,火,0.6,single,ksname-antaeok=火,kseimei=火,,
195,魚,60,水,0.9,consensus,namestory-kimmantae=水 ksname-antaeok=水 hankukjakmyeongwon-irum-miso=水,kseimei=水 kangxizidian-attr=水,,
196,鳥,100,火,0.8,agree,namestory-kimmantae=火 ksname-antaeok=火,kseimei=火 kangxizidian-attr=土,,
197,鹵,7,,,none,,,,
198,鹿,18,土,0.6,single,ksname-antaeok=土,kseimei=土,,
199,麥,6,木,0.6,single,ksname-antaeok=木,kseimei=木,,
200,麻,3,木,0.6,single,ksname-antaeok=木,kseimei=木,,
201,黃,3,土,0.9,consensus,namestory-kimmantae=土 ksname-antaeok=土 agiirum-juyeok=土,kseimei=土,,
202,黍,4,木,0.8,agree,namestory-kimmantae=木 ksname-antaeok=木,kseimei=木,,
203,黑,20,水,0.8,agree,namestory-kimmantae=水 ksname-antaeok=水,kseimei=水,,
204,黹,4,,,none,,,,
205,黽,9,土,0.6,single,ksname-antaeok=土,,,
206,鼎,2,火,0.6,single,agiirum-juyeok=火,kseimei=金,,
207,鼓,4,金,0.6,single,ksname-antaeok=金,kseimei=土木,,
208,鼠,8,水,0.6,single,ksname-antaeok=水,,,
209,鼻,2,,,none,,kseimei=土,,
210,齊,3,土,0.6,single,ksname-antaeok=土,kseimei=土,,
211,齒,16,金,0.6,single,ksname-antaeok=金,kseimei=水,,
212,龍,5,土,0.8,agree,namestory-kimmantae=土 ksname-antaeok=土,kseimei=土火,,
213,龜,2,水,0.6,single,ksname-antaeok=水,kseimei=火,,
214,龠,4,火,0.6,single,ksname-antaeok=火,,,
