heaven,human,earth,grade,grade_raw_zhouyi,basis,flag,kvov,cafengshui,jp_toranomai,kr_hongjung,review_grade,review_note
木,木,木,good,大吉,zhouyi,,大吉,吉,大吉,,,
木,木,火,good,大吉,zhouyi,,吉,吉,吉,,,
木,木,土,good,大吉,zhouyi,,吉,吉,吉,,,
木,木,金,bad,凶多吉少,zhouyi,disputed,吉帶凶,凶,凶,,,
木,木,水,good,吉多于凶,zhouyi,disputed,吉帶凶,凶,吉,,,
木,火,木,good,大吉,zhouyi,,中吉,吉,吉,,,
木,火,火,good,中吉,zhouyi,disputed,吉,半吉,吉,,,
木,火,土,good,大吉,zhouyi,,吉,吉,大吉,,,
木,火,金,bad,凶多于吉,zhouyi,disputed,吉帶凶,凶,凶,,,
木,火,水,bad,大凶,zhouyi,disputed,吉帶凶,凶,凶,,,
木,土,木,bad,大凶,zhouyi,,凶,凶,大凶,"정신박약, 발광, 폐병, 난치병의 삼재",,
木,土,火,good,中吉,zhouyi,disputed,吉帶凶,半吉,小吉,,,
木,土,土,good,吉,zhouyi,disputed,吉帶凶,半吉,凶,,,
木,土,金,good,吉多于凶,zhouyi,disputed,凶,半吉,小吉,,,
木,土,水,bad,大凶,zhouyi,,凶,凶,大凶,,,
木,金,木,bad,大凶,zhouyi,,凶,凶,凶,,,
木,金,火,bad,大凶,zhouyi,,凶,凶,凶,,,
木,金,土,bad,凶多于吉,zhouyi,disputed,吉帶凶,凶,小吉,,,
木,金,金,bad,大凶,zhouyi,,凶,凶,凶,,,
木,金,水,bad,大凶,zhouyi,disputed,中吉,凶,凶,,,
木,水,木,good,大吉,zhouyi,,中吉,吉,吉,,,
木,水,火,bad,凶多于吉,zhouyi,,凶,凶,凶,,,
木,水,土,bad,凶多于吉,zhouyi,disputed,吉帶凶,凶,凶,,,
木,水,金,good,大吉,zhouyi,disputed,吉帶凶,吉,吉,,,
木,水,水,good,大吉,zhouyi,,大吉,吉,小吉,,,
火,木,木,good,大吉,zhouyi,,吉,吉,吉,,,
火,木,火,good,大吉,zhouyi,,大吉,吉,吉,,,
火,木,土,good,大吉,zhouyi,,吉,吉,吉,,,
火,木,金,bad,凶多于吉,zhouyi,disputed,吉帶凶,凶,凶,,,
火,木,水,good,中吉,zhouyi,disputed,吉帶凶,凶,吉,,,
火,火,木,good,大吉,zhouyi,,吉,吉,吉,,,
火,火,火,good,中吉,zhouyi,disputed,凶,半吉,小吉,,,
火,火,土,good,大吉,zhouyi,disputed,凶,吉,吉,,,
火,火,金,bad,大凶,zhouyi,disputed,吉帶凶,凶,凶,,,
火,火,水,bad,大凶,zhouyi,disputed,吉帶凶,凶,凶,,,
火,土,木,good,吉多于凶,zhouyi,disputed,吉帶凶,凶,小吉,,,
火,土,火,good,大吉,zhouyi,,吉,吉,吉,,,
火,土,土,good,大吉,zhouyi,,吉,吉,吉,,,
火,土,金,good,大吉,zhouyi,,吉,吉,大吉,,,
火,土,水,good,吉多于凶,zhouyi,disputed,吉帶凶,凶,凶,,,
火,金,木,bad,大凶,zhouyi,,大凶,凶,凶,,,
火,金,火,bad,大凶,zhouyi,,凶,凶,大凶,"정신박약, 발광, 폐병, 난치병의 삼재",,
火,金,土,half,吉凶参半,zhouyi,disputed,吉帶凶,半吉,小吉,,,
火,金,金,bad,大凶,zhouyi,,大凶,凶,凶,,,
火,金,水,bad,大凶,zhouyi,,大凶,凶,凶,"조난, 부상, 타동적 위험의 삼재",,
火,水,木,bad,凶多于吉,zhouyi,disputed,吉帶凶,凶,凶,,,
火,水,火,bad,大凶,zhouyi,,大凶,凶,大凶,급변사의 삼재,,
火,水,土,bad,大凶,zhouyi,,大凶,凶,凶,,,
火,水,金,bad,大凶,zhouyi,disputed,吉帶凶,凶,凶,,,
火,水,水,bad,大凶,zhouyi,,凶,凶,凶,,,
土,木,木,good,中吉,zhouyi,disputed,吉帶凶,半吉,小吉,,,
土,木,火,good,中吉,zhouyi,disputed,吉帶凶,半吉,小吉,,,
土,木,土,bad,凶多于吉,zhouyi,disputed,吉帶凶,凶,小吉,,,
土,木,金,bad,大凶,zhouyi,,凶,凶,凶,,,
土,木,水,bad,凶多于吉,zhouyi,,凶,凶,凶,,,
土,火,木,good,大吉,zhouyi,,吉,吉,大吉,,,
土,火,火,good,大吉,zhouyi,,吉,吉,吉,,,
土,火,土,good,大吉,zhouyi,,吉,吉,小吉,,,
土,火,金,good,吉多于凶,zhouyi,disputed,吉帶凶,凶,凶,,,
土,火,水,bad,大凶,zhouyi,,吉帶凶,凶,大凶,급변사의 삼재,,
土,土,木,good,中吉,zhouyi,disputed,吉帶凶,凶,凶,,,
土,土,火,good,大吉,zhouyi,,吉,吉,吉,,,
土,土,土,good,大吉,zhouyi,,中吉,吉,吉,,,
土,土,金,good,大吉,zhouyi,,吉,吉,吉,,,
土,土,水,bad,凶多于吉,zhouyi,disputed,吉帶凶,凶,大凶,,,
土,金,木,bad,凶多于吉,zhouyi,disputed,吉帶凶,凶,凶,,,
土,金,火,bad,凶多于吉,zhouyi,disputed,吉帶凶,凶,凶,,,
土,金,土,good,大吉,zhouyi,,吉,吉,吉,,,
土,金,金,good,大吉,zhouyi,disputed,吉帶凶,吉,小吉,,,
土,金,水,good,大吉,zhouyi,disputed,吉帶凶,吉,吉,,,
土,水,木,bad,凶多于吉,zhouyi,disputed,吉帶凶,凶,凶,,,
土,水,火,bad,大凶,zhouyi,,凶 大,凶,凶,,,
土,水,土,bad,大凶,zhouyi,,凶,凶,大凶,급변사의 삼재,,
土,水,金,half,吉凶参半,zhouyi,disputed,吉帶凶,凶,小吉,,,
土,水,水,bad,大凶,zhouyi,,凶,凶,大凶,"조난, 부상, 타동적 위험의 삼재",,
金,木,木,bad,凶多于吉,zhouyi,disputed,吉帶凶,凶,凶,,,
金,木,火,bad,凶多于吉,zhouyi,disputed,吉帶凶,凶,凶,,,
金,木,土,bad,凶多于吉,zhouyi,disputed,吉帶凶,凶,凶,,,
金,木,金,bad,大凶,zhouyi,,凶,凶,大凶,"정신박약, 발광, 폐병, 난치병의 삼재",,
金,木,水,bad,凶多于吉,zhouyi,,凶,凶,凶,,,
金,火,木,bad,凶多于吉,zhouyi,disputed,吉帶凶,凶,小吉,,,
金,火,火,half,吉凶参半,zhouyi,disputed,吉帶凶,凶,凶,,,
金,火,土,half,吉凶参半,zhouyi,disputed,吉帶凶,凶,凶,,,
金,火,金,bad,大凶,zhouyi,,凶,凶,大凶,"정신박약, 발광, 폐병, 난치병의 삼재",,
金,火,水,bad,大凶,zhouyi,,凶,凶,大凶,"조난, 부상, 타동적 위험의 삼재/조난, 부상, 타동적 위험의 삼재",,
金,土,木,good,中吉,zhouyi,disputed,吉帶凶,凶,小吉,,,
金,土,火,good,大吉,zhouyi,,吉,吉,大吉,,,
金,土,土,good,大吉,zhouyi,,吉,吉,吉,,,
金,土,金,good,大吉,zhouyi,,吉,吉,吉,,,
金,土,水,good,吉多于凶,zhouyi,disputed,吉帶凶,凶,大凶,"조난, 부상, 타동적 위험의 삼재",,
金,金,木,bad,大凶,zhouyi,,凶,凶,凶,,,
金,金,火,bad,大凶,zhouyi,,大凶,凶,凶,,,
金,金,土,good,大吉,zhouyi,disputed,吉帶凶,吉,小吉,,,
金,金,金,good,中吉,zhouyi,disputed,凶,凶,小吉,,,
金,金,水,good,中吉,zhouyi,disputed,大凶,半吉,小吉,"조난, 부상, 타동적 위험의 삼재",,
金,水,木,good,大吉,zhouyi,disputed,吉帶凶,吉,吉,,,
金,水,火,bad,凶多于吉,zhouyi,disputed,吉帶凶,凶,凶,,,
金,水,土,good,吉,zhouyi,disputed,吉帶凶,凶,凶,,,
金,水,金,good,大吉,zhouyi,,吉,吉,吉,,,
金,水,水,good,中吉,zhouyi,disputed,吉帶凶,半吉,小吉,,,
水,木,木,good,大吉,zhouyi,,吉,吉,大吉,,,
水,木,火,good,大吉,zhouyi,disputed,凶,吉,凶,,,
水,木,土,good,大吉,zhouyi,,吉,吉,吉,,,
水,木,金,bad,凶多于吉,zhouyi,disputed,吉帶凶,凶,凶,,,
水,木,水,good,大吉,zhouyi,disputed,吉帶凶,半吉,吉,,,
水,火,木,good,中吉,zhouyi,disputed,吉帶凶,凶,凶,,,
水,火,火,bad,大凶,zhouyi,disputed,吉帶凶,凶,凶,,,
水,火,土,bad,凶多于吉,zhouyi,disputed,凶帶吉,凶,凶,,,
水,火,金,bad,大凶,zhouyi,,凶,凶,大凶,,,
水,火,水,bad,大凶,zhouyi,,凶,凶,大凶,급변사의 삼재,,
水,土,木,bad,大凶,zhouyi,,凶,凶,凶,,,
水,土,火,good,中吉,zhouyi,disputed,吉,半吉,凶,,,
水,土,土,good,中吉,zhouyi,disputed,吉,半吉,小吉,,,
水,土,金,good,中吉,zhouyi,disputed,吉,半吉,小吉,,,
水,土,水,bad,大凶,zhouyi,,凶,凶,大凶,급변사의 삼재,,
水,金,木,bad,凶多于吉,zhouyi,disputed,吉帶凶,凶,凶,,,
水,金,火,bad,凶多于吉,zhouyi,disputed,吉帶凶,凶,凶,,,
水,金,土,good,大吉,zhouyi,,大吉,吉,大吉,,,
水,金,金,good,中吉,zhouyi,,中吉,吉,小吉,,,
水,金,水,good,大吉,zhouyi,disputed,吉帶凶,凶,小吉,,,
水,水,木,good,大吉,zhouyi,disputed,吉帶凶,半吉,小吉,,,
水,水,火,bad,大凶,zhouyi,,大凶,凶,大凶,"조난, 부상, 타동적 위험의 삼재",,
水,水,土,bad,大凶,zhouyi,,凶,凶,凶,급변사의 삼재,,
水,水,金,good,大吉,zhouyi,disputed,吉帶凶,半吉,小吉,,,
水,水,水,good,中吉,zhouyi,disputed,凶,凶,凶,,,
