n,grade,grade_v1,basis,flag,kr-irum,kr-tarotcafe,kr-aoma1004,kr-kimtaku,kr-duckming,kr-sajuabc,jp-kseimei,jp-fukucalendar,inconsistent_labels,review_grade,review_note
1,good,good,v1,,good,good,good,good,good,good,good,good,,,
2,bad,bad,v1,,bad,bad,bad,bad,bad,bad,bad,bad,,,
3,good,good,v1,,good,good,good,good,good,good,good,good,,,
4,bad,bad,v1,,bad,bad,bad,bad,bad,bad,bad,bad,,,
5,good,good,v1,,good,good,good,good,good,good,good,good,,,
6,good,good,v1,,good,good,good,good,good,good,good,good,,,
7,good,good,v1,,good,good,good,good,good,good,good,good,,,
8,good,good,v1,,good,good,good,good,good,good,good,good,,,
9,bad,bad,v1,,bad,bad,bad,bad,bad,bad,bad,bad,,,
10,bad,bad,v1,,bad,bad,bad,bad,bad,bad,bad,bad,,,
11,good,good,v1,,good,good,good,good,good,good,good,good,,,
12,bad,bad,v1,,bad,bad,bad,bad,bad,bad,bad,bad,,,
13,good,good,v1,,good,good,good,good,good,good,good,good,,,
14,bad,bad,v1,,bad,bad,bad,bad,bad,bad,bad,bad,,,
15,good,good,v1,,good,good,good,good,good,good,good,good,,,
16,good,good,v1,,good,good,good,good,good,good,good,good,,,
17,good,good,v1,,good,good,good,good,good,good,good,good,,,
18,good,good,v1,,good,good,good,good,good,good,good,good,,,
19,bad,bad,v1,,bad,bad,bad,bad,bad,bad,bad,bad,,,
20,bad,bad,v1,,bad,bad,bad,bad,bad,bad,bad,bad,,,
21,good,good,v1,,good,good,good,good,good,good,good,good,,,
22,bad,bad,v1,,bad,bad,bad,bad,bad,bad,bad,bad,,,
23,good,good,v1,,good,good,good,good,good,good,good,good,,,
24,good,good,v1,,good,good,good,good,good,good,good,good,,,
25,good,good,v1,,good,good,good,good,good,good,good,good,,,
26,half,half,v1,disputed,bad,half,bad,bad,half,bad,half,bad,,,
27,half,half,v1,disputed,bad,half,bad,bad,half,bad,bad,bad,,,
28,bad,half,verified-change,,bad,bad,bad,bad,bad,bad,bad,bad,,,
29,good,good,v1,,good,good,good,good,good,good,good,half,duckming:吉/中吉,,
30,bad,bad,v1,disputed,bad,half,bad,bad,half,bad,half,bad,,,
31,good,good,v1,,good,good,good,good,good,good,good,good,,,
32,good,good,v1,,good,good,good,good,good,good,good,good,,,
33,good,good,v1,,good,good,good,good,good,good,good,good,,,
34,bad,bad,v1,,bad,bad,bad,bad,bad,bad,bad,bad,,,
35,good,good,v1,,good,good,good,good,good,good,good,good,,,
36,bad,bad,v1,,bad,bad,bad,bad,bad,bad,bad,bad,,,
37,good,good,v1,,good,good,good,good,good,good,good,good,,,
38,good,half,verified-change,,good,good,good,good,good,good,good,half,,,
39,good,good,v1,,good,good,good,good,good,good,good,good,,,
40,bad,bad,v1,,bad,bad,bad,bad,bad,bad,half,bad,,,
41,good,good,v1,,good,good,good,good,good,good,good,good,,,
42,bad,bad,v1,,bad,bad,bad,bad,bad,bad,bad,bad,,,
43,bad,bad,v1,,bad,bad,bad,bad,bad,bad,bad,bad,,,
44,bad,bad,v1,,bad,bad,bad,bad,bad,bad,bad,bad,,,
45,good,good,v1,,good,good,good,good,good,good,good,good,,,
46,bad,bad,v1,,bad,bad,bad,bad,bad,bad,half,bad,,,
47,good,good,v1,,good,good,good,good,good,good,good,good,,,
48,good,good,v1,,good,good,good,good,good,good,good,good,,,
49,bad,bad,v1,disputed,bad,half,good,,half,bad,half,bad,,,
50,bad,bad,v1,,bad,bad,bad,bad,bad,bad,bad,bad,,,
51,half,half,v1,disputed,good,half,bad,,half,half,bad,bad,"sajuabc:반흉, 반길/반길 / 반흉",,
52,good,good,v1,,good,good,good,good,good,good,good,good,,,
53,bad,bad,v1,,bad,bad,bad,bad,half,bad,bad,bad,duckming:半吉/凶,,
54,bad,bad,v1,,bad,bad,bad,bad,bad,bad,bad,bad,,,
55,bad,bad,v1,,bad,bad,bad,,bad,half,bad,bad,,,
56,bad,bad,v1,,bad,bad,bad,bad,bad,bad,bad,bad,,,
57,good,good,v1,,good,good,good,good,good,good,half,good,,,
58,half,half,v1,disputed,good,half,good,good,half,half,good,bad,,,
59,bad,half,verified-change,,bad,bad,bad,bad,bad,bad,bad,bad,,,
60,bad,bad,v1,,bad,bad,bad,bad,bad,bad,bad,bad,,,
61,good,good,v1,,good,good,good,good,good,good,good,good,,,
62,bad,bad,v1,,bad,bad,bad,bad,bad,bad,bad,bad,,,
63,good,good,v1,,good,good,good,good,good,good,good,good,,,
64,bad,bad,v1,,bad,bad,bad,bad,bad,bad,bad,bad,,,
65,good,good,v1,,good,good,good,good,good,good,good,good,,,
66,bad,bad,v1,,bad,bad,bad,bad,bad,bad,bad,bad,,,
67,good,good,v1,,good,good,good,good,good,good,good,good,,,
68,good,good,v1,,good,good,good,good,good,good,good,good,,,
69,bad,bad,v1,,bad,bad,bad,bad,bad,bad,bad,bad,,,
70,bad,bad,v1,,bad,bad,bad,bad,bad,bad,bad,bad,,,
71,half,half,v1,disputed,bad,half,good,good,half,good,half,bad,,,
72,bad,bad,v1,,bad,bad,bad,bad,bad,bad,bad,bad,,,
73,half,half,v1,disputed,good,half,good,good,half,good,half,bad,,,
74,bad,bad,v1,,bad,bad,bad,bad,bad,bad,bad,bad,,,
75,half,half,v1,disputed,good,half,good,good,half,good,half,bad,,,
76,bad,bad,v1,,bad,bad,bad,,bad,half,bad,bad,,,
77,bad,bad,v1,disputed,,half,bad,good,half,half,half,bad,,,
78,bad,bad,v1,disputed,bad,half,bad,bad,half,half,half,bad,,,
79,bad,bad,v1,,bad,bad,bad,,bad,bad,bad,bad,,,
80,bad,bad,v1,,bad,bad,bad,bad,bad,bad,bad,bad,,,
81,good,good,v1,,good,good,good,good,good,good,good,good,,,
