itm_id,hangul,label_hanja,hanja_nfc,population,decision,reason
0007,강,㝩,㝩,5,exclude,nonstandard-form:㝩
0046,권,㩲,㩲,11,exclude,nonstandard-form:㩲
0061,김,钅,钅,8,exclude,nonstandard-form:钅
0062,나,罗,罗,13,exclude,nonstandard-form:罗
0070,남궁,南宫,南宫,5,exclude,nonstandard-form:宫
0076,노,卢,卢,15,exclude,nonstandard-form:卢
0121,류,㧕,㧕,20,exclude,nonstandard-form:㧕
0192,빈,賔,賔,8,exclude,nonstandard-form:賔
0206,상,尚,尚,15,exclude,nonstandard-form:尚
0208,서,俆,俆,383,exclude,nonstandard-form:俆
0230,설,辥,辥,10,exclude,nonstandard-form:辥
0286,양,杨,杨,7,exclude,nonstandard-form:杨
0297,엄,㘙,㘙,6,exclude,nonstandard-form:㘙
0298,엄,严,严,12,exclude,nonstandard-form:严
0390,장,张,张,5,exclude,nonstandard-form:张
0416,제갈,諸*,諸*,64,exclude,non-hanja-label
0424,조,赵,赵,15,exclude,nonstandard-form:赵
0442,진,䄅,䄅,11,exclude,nonstandard-form:䄅
0449,진,陈,陈,7,exclude,nonstandard-form:陈
0466,최,寉,寉,49,exclude,nonstandard-form:寉
0501,허,许,许,12,exclude,nonstandard-form:许
0512,홍,㤨,㤨,10,exclude,nonstandard-form:㤨
0513,홍,䜤,䜤,38,exclude,nonstandard-form:䜤
8888,기타,기타,기타,91107,exclude,non-hanja-label
