kind,variant,original,won_strokes,note,review_strokes,review_note
radical,氵(삼수변),水,4,,,
radical,忄(심방변),心,4,,,
radical,扌(재방변),手,4,,,
radical,艹(초두머리),艸,6,별표 주석: ++ 와 卄 는 서로 바꿔 쓸 수 있음,,
radical,阝(좌부변),阜,8,yesname 추출은 좌우 반대(요약기 오류 추정),,
radical,阝(우부방),邑,7,yesname 추출은 좌우 반대(요약기 오류 추정),,
radical,月(육달월),肉,6,肉부(kRSUnicode 130)일 때만. 달월(74: 朗·期)은 4,,
radical,王(구슬옥변),玉,5,玉부(96)일 때만. 글자 王 자체는 4 — 잔여획 0 은 자형 실획,,
radical,犭(개사슴록변),犬,4,,,
radical,礻(보일시변),示,5,별표 주석: 示 와 礻 는 서로 바꿔 쓸 수 있음,,
radical,衤(옷의변),衣,6,,,
radical,辶(책받침),辵,7,,,
radical,罒(그물망),网,6,v1 표에 없음 — 추가(3개 출처),,
radical,耂(늙을로엄),老,6,v1 표에 없음 — 추가(3개 출처),,
numeral,一,1,1,數意 규칙(실획과 동일),,
numeral,二,2,2,數意 규칙(실획과 동일),,
numeral,三,3,3,數意 규칙(실획과 동일),,
numeral,四,4,4,"實劃 5 — 유파 분기(knaming·meimingteng 적용, 日 실획파 반대 note.com/tengkozo)",,
numeral,五,5,5,實劃 4 — 유파 분기,,
numeral,六,6,6,實劃 4 — 유파 분기,,
numeral,七,7,7,實劃 2 — 유파 분기,,
numeral,八,8,8,實劃 2 — 유파 분기,,
numeral,九,9,9,實劃 2 — 유파 분기,,
numeral,十,10,10,實劃 2 — 유파 분기. 百·千·萬 은 실획,,
