heaven,human,earth,grade,status,review_grade,review_note
木,木,木,,phase2-transcribe,,
木,木,火,,phase2-transcribe,,
木,木,土,,phase2-transcribe,,
木,木,金,,phase2-transcribe,,
木,木,水,,phase2-transcribe,,
木,火,木,,phase2-transcribe,,
木,火,火,,phase2-transcribe,,
木,火,土,,phase2-transcribe,,
木,火,金,,phase2-transcribe,,
木,火,水,,phase2-transcribe,,
木,土,木,,phase2-transcribe,,
木,土,火,,phase2-transcribe,,
木,土,土,,phase2-transcribe,,
木,土,金,,phase2-transcribe,,
木,土,水,,phase2-transcribe,,
木,金,木,,phase2-transcribe,,
木,金,火,,phase2-transcribe,,
木,金,土,,phase2-transcribe,,
木,金,金,,phase2-transcribe,,
木,金,水,,phase2-transcribe,,
木,水,木,,phase2-transcribe,,
木,水,火,,phase2-transcribe,,
木,水,土,,phase2-transcribe,,
木,水,金,,phase2-transcribe,,
木,水,水,,phase2-transcribe,,
火,木,木,,phase2-transcribe,,
火,木,火,,phase2-transcribe,,
火,木,土,,phase2-transcribe,,
火,木,金,,phase2-transcribe,,
火,木,水,,phase2-transcribe,,
火,火,木,,phase2-transcribe,,
火,火,火,,phase2-transcribe,,
火,火,土,,phase2-transcribe,,
火,火,金,,phase2-transcribe,,
火,火,水,,phase2-transcribe,,
火,土,木,,phase2-transcribe,,
火,土,火,,phase2-transcribe,,
火,土,土,,phase2-transcribe,,
火,土,金,,phase2-transcribe,,
火,土,水,,phase2-transcribe,,
火,金,木,,phase2-transcribe,,
火,金,火,,phase2-transcribe,,
火,金,土,,phase2-transcribe,,
火,金,金,,phase2-transcribe,,
火,金,水,,phase2-transcribe,,
火,水,木,,phase2-transcribe,,
火,水,火,,phase2-transcribe,,
火,水,土,,phase2-transcribe,,
火,水,金,,phase2-transcribe,,
火,水,水,,phase2-transcribe,,
土,木,木,,phase2-transcribe,,
土,木,火,,phase2-transcribe,,
土,木,土,,phase2-transcribe,,
土,木,金,,phase2-transcribe,,
土,木,水,,phase2-transcribe,,
土,火,木,,phase2-transcribe,,
土,火,火,,phase2-transcribe,,
土,火,土,,phase2-transcribe,,
土,火,金,,phase2-transcribe,,
土,火,水,,phase2-transcribe,,
土,土,木,,phase2-transcribe,,
土,土,火,,phase2-transcribe,,
土,土,土,,phase2-transcribe,,
土,土,金,,phase2-transcribe,,
土,土,水,,phase2-transcribe,,
土,金,木,,phase2-transcribe,,
土,金,火,,phase2-transcribe,,
土,金,土,,phase2-transcribe,,
土,金,金,,phase2-transcribe,,
土,金,水,,phase2-transcribe,,
土,水,木,,phase2-transcribe,,
土,水,火,,phase2-transcribe,,
土,水,土,,phase2-transcribe,,
土,水,金,,phase2-transcribe,,
土,水,水,,phase2-transcribe,,
金,木,木,,phase2-transcribe,,
金,木,火,,phase2-transcribe,,
金,木,土,,phase2-transcribe,,
金,木,金,,phase2-transcribe,,
金,木,水,,phase2-transcribe,,
金,火,木,,phase2-transcribe,,
金,火,火,,phase2-transcribe,,
金,火,土,,phase2-transcribe,,
金,火,金,,phase2-transcribe,,
金,火,水,,phase2-transcribe,,
金,土,木,,phase2-transcribe,,
金,土,火,,phase2-transcribe,,
金,土,土,,phase2-transcribe,,
金,土,金,,phase2-transcribe,,
金,土,水,,phase2-transcribe,,
金,金,木,,phase2-transcribe,,
金,金,火,,phase2-transcribe,,
金,金,土,,phase2-transcribe,,
金,金,金,,phase2-transcribe,,
金,金,水,,phase2-transcribe,,
金,水,木,,phase2-transcribe,,
金,水,火,,phase2-transcribe,,
金,水,土,,phase2-transcribe,,
金,水,金,,phase2-transcribe,,
金,水,水,,phase2-transcribe,,
水,木,木,,phase2-transcribe,,
水,木,火,,phase2-transcribe,,
水,木,土,,phase2-transcribe,,
水,木,金,,phase2-transcribe,,
水,木,水,,phase2-transcribe,,
水,火,木,,phase2-transcribe,,
水,火,火,,phase2-transcribe,,
水,火,土,,phase2-transcribe,,
水,火,金,,phase2-transcribe,,
水,火,水,,phase2-transcribe,,
水,土,木,,phase2-transcribe,,
水,土,火,,phase2-transcribe,,
水,土,土,,phase2-transcribe,,
水,土,金,,phase2-transcribe,,
水,土,水,,phase2-transcribe,,
水,金,木,,phase2-transcribe,,
水,金,火,,phase2-transcribe,,
水,金,土,,phase2-transcribe,,
水,金,金,,phase2-transcribe,,
水,金,水,,phase2-transcribe,,
水,水,木,,phase2-transcribe,,
水,水,火,,phase2-transcribe,,
水,水,土,,phase2-transcribe,,
水,水,金,,phase2-transcribe,,
水,水,水,,phase2-transcribe,,
