initial,articulation,kr_modern,kr_hunminjeongeum,note,review_note
ㄱ,아음(牙音),木,木,,
ㅋ,아음(牙音),木,木,,
ㄴ,설음(舌音),火,火,,
ㄷ,설음(舌音),火,火,,
ㅌ,설음(舌音),火,火,,
ㄹ,반설음(半舌音),火,火,해례 제자해는 반설음을 오행에 따로 배속하지 않음 — 양쪽 모두 설음(火)에 붙이는 관행,
ㅁ,순음(脣音),水,土,학파 분기,
ㅂ,순음(脣音),水,土,학파 분기,
ㅍ,순음(脣音),水,土,학파 분기,
ㅅ,치음(齒音),金,金,,
ㅈ,치음(齒音),金,金,,
ㅊ,치음(齒音),金,金,,
ㅇ,후음(喉音),土,水,학파 분기. 현대 초성 ㅇ 은 후음 계열(옛이응 ㆁ 아음과 별개),
ㅎ,후음(喉音),土,水,학파 분기,
ㄲ,ㄱ 과 동일,木,木,된소리는 예사소리로,
ㄸ,ㄷ 과 동일,火,火,된소리는 예사소리로,
ㅃ,ㅂ 과 동일,水,土,된소리는 예사소리로,
ㅆ,ㅅ 과 동일,金,金,된소리는 예사소리로,
ㅉ,ㅈ 과 동일,金,金,된소리는 예사소리로,
