table,source
suri-81,irum.com/Resource/Theory/10131
suri-81,miso.co.kr/Resource/Theory/20261
suri-81,m.cafe.daum.net/TAROTcafe/94r3/1
suri-81,duckming.com SM/994
suri-81,m.cafe.daum.net/aoma1004/J4bW/23
suri-81,m.cafe.daum.net/Jangds/GLyr/61
suri-81,sajuabc.com 성명학-수리-해설
suri-81,kimtaku.com/news/6127
suri-81,(日) kseimei.com/name/joylist.html
suri-81,(日) fukucalendar.com seimei-kakusu-kichikyo-ichiran
sound-mapping:kr_modern,sajuforum.com/01forum/nm/baleum.php(다수설)
sound-mapping:kr_modern,ksname.co.kr m51/41(대세)
sound-mapping:kr_modern,mumyeong.kr/guide/발음오행
sound-mapping:kr_modern,기원: 신경준 훈민정음운해(1750) — ko.wikipedia 훈민정음_운해
sound-mapping:kr_hunminjeongeum,훈민정음 해례 제자해 원문(ko.wikisource 훈민정음): 喉…水也 / 脣…土也
sound-mapping:kr_hunminjeongeum,이재승 2019 KCI ART002439179(해례 배속 표준론)
sound-mapping:kr_hunminjeongeum,김만태 namestory.kr 해례 기반 이론
radical-variants,knaming.org/05_2.html
radical-variants,sajuforum.com/01forum/nm/07_byun.php
radical-variants,yesname.co.kr/new/info_ccn.html
radical-variants,(中) m.meimingteng.com zhishi 5452
samjae-125,m.zhouyi.cc/xingming/xmceshi/20063.html(125 전체)
samjae-125,yishengmi.cn/qiming/210.html(大吉 20·大凶 20 일치)
samjae-125,baike.baidu.com 三才数理(표본 4 일치)
