n,suri_element,yin_yang,grade_v1_repo,grade_v2_proposed,source_distribution,flag,gender_note,review_grade,review_note
1,木,陽,good,good,,,,,
2,木,陰,bad,bad,,,,,
3,火,陽,good,good,,,,,
4,火,陰,bad,bad,,,,,
5,土,陽,good,good,,,,,
6,土,陰,good,good,,,,,
7,金,陽,good,good,,,,,
8,金,陰,good,good,,,,,
9,水,陽,bad,bad,,,,,
10,水,陰,bad,bad,,,,,
11,木,陽,good,good,,,,,
12,木,陰,bad,bad,,,some,,
13,火,陽,good,good,,,,,
14,火,陰,bad,bad,,,,,
15,土,陽,good,good,,,,,
16,土,陰,good,good,,,,,
17,金,陽,good,good,,,,,
18,金,陰,good,good,,,,,
19,水,陽,bad,bad,,,some,,
20,水,陰,bad,bad,,,,,
21,木,陽,good,good,,,common,,
22,木,陰,bad,bad,,,some,,
23,火,陽,good,good,,,common,,
24,火,陰,good,good,,,,,
25,土,陽,good,good,,,,,
26,土,陰,half,half,半吉 2 · 凶 5(kimtaku 最凶),disputed,some,,
27,金,陽,half,half,中吉 2 · 吉 1 · 凶 4(kseimei 凶),disputed,,,
28,金,陰,half,bad,모든 출처 凶(kseimei 大凶),change-proposed,,,
29,水,陽,good,good,"대부분 吉, 덕밍 中吉, 日 fuku 半吉",,common,,
30,水,陰,bad,bad,吉 계열과 凶 거의 반반 — 半吉 후보,disputed,,,
31,木,陽,good,good,,,,,
32,木,陰,good,good,,,,,
33,火,陽,good,good,,,common,,
34,火,陰,bad,bad,,,,,
35,土,陽,good,good,,,,,
36,土,陰,bad,bad,,,some,,
37,金,陽,good,good,,,,,
38,金,陰,half,good,"한국 8개 출처 모두 吉, 日 fukucalendar 만 半吉",change-proposed,,,
39,水,陽,good,good,,,common,,
40,水,陰,bad,bad,,,,,
41,木,陽,good,good,,,,,
42,木,陰,bad,bad,,,some,,
43,火,陽,bad,bad,,,some,,
44,火,陰,bad,bad,,,,,
45,土,陽,good,good,,,,,
46,土,陰,bad,bad,,,,,
47,金,陽,good,good,,,,,
48,金,陰,good,good,,,,,
49,水,陽,bad,bad,吉 계열과 凶 거의 반반 — 半吉 후보,disputed,,,
50,水,陰,bad,bad,,,,,
51,木,陽,half,half,半吉 5 · 吉 1(irum) · 凶 1,disputed,,,
52,木,陰,good,good,,,,,
53,火,陽,bad,bad,,,,,
54,火,陰,bad,bad,,,,,
55,土,陽,bad,bad,,,,,
56,土,陰,bad,bad,,,,,
57,金,陽,good,good,,,,,
58,金,陰,half,half,吉 3 · 中吉/半吉 4,disputed,,,
59,水,陽,half,bad,모든 출처 凶,change-proposed,,,
60,水,陰,bad,bad,,,,,
61,木,陽,good,good,,,,,
62,木,陰,bad,bad,,,,,
63,火,陽,good,good,,,,,
64,火,陰,bad,bad,,,,,
65,土,陽,good,good,,,,,
66,土,陰,bad,bad,,,,,
67,金,陽,good,good,,,,,
68,金,陰,good,good,,,,,
69,水,陽,bad,bad,,,,,
70,水,陰,bad,bad,,,,,
71,木,陽,half,half,吉 3 · 中吉/半吉 3 · 凶 1(irum),disputed,,,
72,木,陰,bad,bad,,,,,
73,火,陽,half,half,吉 5 · 中吉 2 — 吉 승격 검토,disputed,,,
74,火,陰,bad,bad,,,,,
75,土,陽,half,half,吉 5 · 中吉 2 — 吉 승격 검토,disputed,,,
76,土,陰,bad,bad,,,,,
77,金,陽,bad,bad,吉 계열과 凶 거의 반반 — 半吉 후보,disputed,,,
78,金,陰,bad,bad,吉 계열과 凶 거의 반반 — 半吉 후보,disputed,,,
79,水,陽,bad,bad,,,,,
80,水,陰,bad,bad,,,,,
81,木,陽,good,good,,,,,
