"date_kst","time_kst","channel","language","content_id","topic","status","source","owner","note"
"2026-10-12","08:30/12:00/20:30","threads_existing_worker","ko","W01-T1","띠별·쉬운 설명·마음 노트","existing_automation_unverified_live","README.md","existing_worker","별도 수동·자동 게시 금지; 실제 공개 이력 확인"
"2026-10-12","12:30","naver_blog","ko","B01","오행으로 보는 나의 일하는 방식","copy_ready","week01.md","user","09:00 원고 알림; 게시 후 URL 기록"
"2026-10-13","08:30/12:00/20:30","threads_existing_worker","ko","W01-T2","띠별·쉬운 설명·마음 노트","existing_automation_unverified_live","README.md","existing_worker","별도 수동·자동 게시 금지; 실제 공개 이력 확인"
"2026-10-13","12:30","naver_blog","ko","B02","연락을 기다릴 때 보는 타로","copy_ready","week01.md","user","09:00 원고 알림; 게시 후 URL 기록"
"2026-10-13","19:30","tiktok","ko","V01","연락을 기다릴 때 보는 타로","script_ready_video_pending","week01.md","user","편집·낭독 길이·모바일 자막 확인 후 직접 게시"
"2026-10-13","19:30","youtube_shorts","ko","V01","연락을 기다릴 때 보는 타로","script_ready_video_pending","week01.md","user","편집·낭독 길이·모바일 자막 확인 후 직접 게시"
"2026-10-14","08:30/12:00/20:30","threads_existing_worker","ko","W01-T3","띠별·쉬운 설명·마음 노트","existing_automation_unverified_live","README.md","existing_worker","별도 수동·자동 게시 금지; 실제 공개 이력 확인"
"2026-10-14","12:30","naver_blog","ko","B03","재물운과 돈이 새는 습관","copy_ready","week01.md","user","09:00 원고 알림; 게시 후 URL 기록"
"2026-10-14","19:30","x","ko","X01","재물운과 돈이 새는 습관","copy_ready","week01.md","user","본문과 링크 답글 복사; API 불필요"
"2026-10-15","08:30/12:00/20:30","threads_existing_worker","ko","W01-T4","띠별·쉬운 설명·마음 노트","existing_automation_unverified_live","README.md","existing_worker","별도 수동·자동 게시 금지; 실제 공개 이력 확인"
"2026-10-15","12:30","naver_blog","ko","B04","자미두수 처음 보는 법","copy_ready","week01.md","user","09:00 원고 알림; 게시 후 URL 기록"
"2026-10-15","19:30","tiktok","ko","V02","재물운과 돈이 새는 습관","script_ready_video_pending","week01.md","user","편집·낭독 길이·모바일 자막 확인 후 직접 게시"
"2026-10-15","19:30","youtube_shorts","ko","V02","재물운과 돈이 새는 습관","script_ready_video_pending","week01.md","user","편집·낭독 길이·모바일 자막 확인 후 직접 게시"
"2026-10-16","08:30/12:00/20:30","threads_existing_worker","ko","W01-T5","띠별·쉬운 설명·마음 노트","existing_automation_unverified_live","README.md","existing_worker","별도 수동·자동 게시 금지; 실제 공개 이력 확인"
"2026-10-16","12:30","naver_blog","ko","B05","오늘의 운세 활용법","copy_ready","week01.md","user","09:00 원고 알림; 게시 후 URL 기록"
"2026-10-16","19:30","tiktok","en","V03","오행과 일하는 방식 영어 입문","script_ready_video_pending","week01.md","user","편집·낭독 길이·모바일 자막 확인 후 직접 게시"
"2026-10-16","19:30","x","en","X02","이번 주 영어 영상 주제","copy_ready","week01.md","user","본문과 링크 답글 복사; API 불필요"
"2026-10-16","19:30","youtube_shorts","en","V03","오행과 일하는 방식 영어 입문","script_ready_video_pending","week01.md","user","편집·낭독 길이·모바일 자막 확인 후 직접 게시"
"2026-10-17","08:30/12:00/20:30","threads_existing_worker","ko","W01-T6","띠별·쉬운 설명·마음 노트","existing_automation_unverified_live","README.md","existing_worker","별도 수동·자동 게시 금지; 실제 공개 이력 확인"
"2026-10-17","19:30","tiktok","ko","V04","오늘이 힘들었던 당신에게 남기는 긍정 확언","script_ready_video_pending","week01.md","user","편집·낭독 길이·모바일 자막 확인 후 직접 게시"
"2026-10-17","19:30","youtube_shorts","ko","V04","오늘이 힘들었던 당신에게 남기는 긍정 확언","script_ready_video_pending","week01.md","user","편집·낭독 길이·모바일 자막 확인 후 직접 게시"
"2026-10-18","08:30/12:00/20:30","threads_existing_worker","ko","W01-T7","띠별·쉬운 설명·마음 노트","existing_automation_unverified_live","README.md","existing_worker","별도 수동·자동 게시 금지; 실제 공개 이력 확인"
"2026-10-18","19:30","tiktok","ja","V05","하루를 마치는 일본어 응원","script_ready_video_pending","week01.md","user","편집·낭독 길이·모바일 자막 확인 후 직접 게시"
"2026-10-18","19:30","youtube_shorts","ja","V05","하루를 마치는 일본어 응원","script_ready_video_pending","week01.md","user","편집·낭독 길이·모바일 자막 확인 후 직접 게시"
"2026-10-19","08:30/12:00/20:30","threads_existing_worker","ko","W02-T1","띠별·쉬운 설명·마음 노트","existing_automation_unverified_live","README.md","existing_worker","별도 수동·자동 게시 금지; 실제 공개 이력 확인"
"2026-10-19","12:30","naver_blog","ko","W02-B1","강한 오행의 장점과 과해질 때의 모습","planned","template.md","user","09:00 원고 알림; 게시 후 URL 기록"
"2026-10-20","08:30/12:00/20:30","threads_existing_worker","ko","W02-T2","띠별·쉬운 설명·마음 노트","existing_automation_unverified_live","README.md","existing_worker","별도 수동·자동 게시 금지; 실제 공개 이력 확인"
"2026-10-20","12:30","naver_blog","ko","W02-B2","재회 타로에서 살펴볼 관계 신호","planned","template.md","user","09:00 원고 알림; 게시 후 URL 기록"
"2026-10-20","19:30","tiktok","ko","W02-V1","재회 타로에서 살펴볼 관계 신호","planned","template.md","user","편집·낭독 길이·모바일 자막 확인 후 직접 게시"
"2026-10-20","19:30","youtube_shorts","ko","W02-V1","재회 타로에서 살펴볼 관계 신호","planned","template.md","user","편집·낭독 길이·모바일 자막 확인 후 직접 게시"
"2026-10-21","08:30/12:00/20:30","threads_existing_worker","ko","W02-T3","띠별·쉬운 설명·마음 노트","existing_automation_unverified_live","README.md","existing_worker","별도 수동·자동 게시 금지; 실제 공개 이력 확인"
"2026-10-21","12:30","naver_blog","ko","W02-B3","충동구매 전 점검할 선택","planned","template.md","user","09:00 원고 알림; 게시 후 URL 기록"
"2026-10-21","19:30","x","ko","W02-X-ko","충동구매 전 점검할 선택","planned","template.md","user","본문과 링크 답글 복사; API 불필요"
"2026-10-22","08:30/12:00/20:30","threads_existing_worker","ko","W02-T4","띠별·쉬운 설명·마음 노트","existing_automation_unverified_live","README.md","existing_worker","별도 수동·자동 게시 금지; 실제 공개 이력 확인"
"2026-10-22","12:30","naver_blog","ko","W02-B4","숙요점 관계 유형 읽기","planned","template.md","user","09:00 원고 알림; 게시 후 URL 기록"
"2026-10-22","19:30","tiktok","ko","W02-V2","충동구매 전 점검할 선택","planned","template.md","user","편집·낭독 길이·모바일 자막 확인 후 직접 게시"
"2026-10-22","19:30","youtube_shorts","ko","W02-V2","충동구매 전 점검할 선택","planned","template.md","user","편집·낭독 길이·모바일 자막 확인 후 직접 게시"
"2026-10-23","08:30/12:00/20:30","threads_existing_worker","ko","W02-T5","띠별·쉬운 설명·마음 노트","existing_automation_unverified_live","README.md","existing_worker","별도 수동·자동 게시 금지; 실제 공개 이력 확인"
"2026-10-23","12:30","naver_blog","ko","W02-B5","운명의 찻집 상담 준비법","planned","template.md","user","09:00 원고 알림; 게시 후 URL 기록"
"2026-10-23","19:30","tiktok","en","W02-V3","48시간 경과 원본 현지화; 데이터 없으면 오행 입문·확언","planned","template.md","user","편집·낭독 길이·모바일 자막 확인 후 직접 게시"
"2026-10-23","19:30","x","en","W02-X-en","이번 주 영어 영상 주제","planned","template.md","user","본문과 링크 답글 복사; API 불필요"
"2026-10-23","19:30","youtube_shorts","en","W02-V3","48시간 경과 원본 현지화; 데이터 없으면 오행 입문·확언","planned","template.md","user","편집·낭독 길이·모바일 자막 확인 후 직접 게시"
"2026-10-24","08:30/12:00/20:30","threads_existing_worker","ko","W02-T6","띠별·쉬운 설명·마음 노트","existing_automation_unverified_live","README.md","existing_worker","별도 수동·자동 게시 금지; 실제 공개 이력 확인"
"2026-10-24","19:30","tiktok","ko","W02-V4","오늘이 힘들었던 당신에게 남기는 긍정 확언","planned","template.md","user","편집·낭독 길이·모바일 자막 확인 후 직접 게시"
"2026-10-24","19:30","youtube_shorts","ko","W02-V4","오늘이 힘들었던 당신에게 남기는 긍정 확언","planned","template.md","user","편집·낭독 길이·모바일 자막 확인 후 직접 게시"
"2026-10-25","08:30/12:00/20:30","threads_existing_worker","ko","W02-T7","띠별·쉬운 설명·마음 노트","existing_automation_unverified_live","README.md","existing_worker","별도 수동·자동 게시 금지; 실제 공개 이력 확인"
"2026-10-25","19:30","tiktok","ja","W02-V5","48시간 경과 원본 현지화; 데이터 없으면 오행 입문·확언","planned","template.md","user","편집·낭독 길이·모바일 자막 확인 후 직접 게시"
"2026-10-25","19:30","youtube_shorts","ja","W02-V5","48시간 경과 원본 현지화; 데이터 없으면 오행 입문·확언","planned","template.md","user","편집·낭독 길이·모바일 자막 확인 후 직접 게시"
"2026-10-26","08:30/12:00/20:30","threads_existing_worker","ko","W03-T1","띠별·쉬운 설명·마음 노트","existing_automation_unverified_live","README.md","existing_worker","별도 수동·자동 게시 금지; 실제 공개 이력 확인"
"2026-10-26","12:30","naver_blog","ko","W03-B1","직장 인간관계와 반복 패턴","planned","template.md","user","09:00 원고 알림; 게시 후 URL 기록"
"2026-10-27","08:30/12:00/20:30","threads_existing_worker","ko","W03-T2","띠별·쉬운 설명·마음 노트","existing_automation_unverified_live","README.md","existing_worker","별도 수동·자동 게시 금지; 실제 공개 이력 확인"
"2026-10-27","12:30","naver_blog","ko","W03-B2","연애에서 나와 상대의 속도","planned","template.md","user","09:00 원고 알림; 게시 후 URL 기록"
"2026-10-27","19:30","tiktok","ko","W03-V1","연애에서 나와 상대의 속도","planned","template.md","user","편집·낭독 길이·모바일 자막 확인 후 직접 게시"
"2026-10-27","19:30","youtube_shorts","ko","W03-V1","연애에서 나와 상대의 속도","planned","template.md","user","편집·낭독 길이·모바일 자막 확인 후 직접 게시"
"2026-10-28","08:30/12:00/20:30","threads_existing_worker","ko","W03-T3","띠별·쉬운 설명·마음 노트","existing_automation_unverified_live","README.md","existing_worker","별도 수동·자동 게시 금지; 실제 공개 이력 확인"
"2026-10-28","12:30","naver_blog","ko","W03-B3","나의 강점을 수익 활동에 연결하기","planned","template.md","user","09:00 원고 알림; 게시 후 URL 기록"
"2026-10-28","19:30","x","ko","W03-X-ko","나의 강점을 수익 활동에 연결하기","planned","template.md","user","본문과 링크 답글 복사; API 불필요"
"2026-10-29","08:30/12:00/20:30","threads_existing_worker","ko","W03-T4","띠별·쉬운 설명·마음 노트","existing_automation_unverified_live","README.md","existing_worker","별도 수동·자동 게시 금지; 실제 공개 이력 확인"
"2026-10-29","12:30","naver_blog","ko","W03-B4","베다점 라그나·라시 입문","planned","template.md","user","09:00 원고 알림; 게시 후 URL 기록"
"2026-10-29","19:30","tiktok","ko","W03-V2","나의 강점을 수익 활동에 연결하기","planned","template.md","user","편집·낭독 길이·모바일 자막 확인 후 직접 게시"
"2026-10-29","19:30","youtube_shorts","ko","W03-V2","나의 강점을 수익 활동에 연결하기","planned","template.md","user","편집·낭독 길이·모바일 자막 확인 후 직접 게시"
"2026-10-30","08:30/12:00/20:30","threads_existing_worker","ko","W03-T5","띠별·쉬운 설명·마음 노트","existing_automation_unverified_live","README.md","existing_worker","별도 수동·자동 게시 금지; 실제 공개 이력 확인"
"2026-10-30","12:30","naver_blog","ko","W03-B5","네오에게 질문을 정리하는 법","planned","template.md","user","09:00 원고 알림; 게시 후 URL 기록"
"2026-10-30","19:30","tiktok","en","W03-V3","48시간 경과 원본 현지화; 데이터 없으면 오행 입문·확언","planned","template.md","user","편집·낭독 길이·모바일 자막 확인 후 직접 게시"
"2026-10-30","19:30","x","en","W03-X-en","이번 주 영어 영상 주제","planned","template.md","user","본문과 링크 답글 복사; API 불필요"
"2026-10-30","19:30","youtube_shorts","en","W03-V3","48시간 경과 원본 현지화; 데이터 없으면 오행 입문·확언","planned","template.md","user","편집·낭독 길이·모바일 자막 확인 후 직접 게시"
"2026-10-31","08:30/12:00/20:30","threads_existing_worker","ko","W03-T6","띠별·쉬운 설명·마음 노트","existing_automation_unverified_live","README.md","existing_worker","별도 수동·자동 게시 금지; 실제 공개 이력 확인"
"2026-10-31","19:30","tiktok","ko","W03-V4","오늘이 힘들었던 당신에게 남기는 긍정 확언","planned","template.md","user","편집·낭독 길이·모바일 자막 확인 후 직접 게시"
"2026-10-31","19:30","youtube_shorts","ko","W03-V4","오늘이 힘들었던 당신에게 남기는 긍정 확언","planned","template.md","user","편집·낭독 길이·모바일 자막 확인 후 직접 게시"
"2026-11-01","08:30/12:00/20:30","threads_existing_worker","ko","W03-T7","띠별·쉬운 설명·마음 노트","existing_automation_unverified_live","README.md","existing_worker","저녁은 기존 21:10 신년 예약 대체 규칙; 추가 게시 금지"
"2026-11-01","19:30","tiktok","ja","W03-V5","48시간 경과 원본 현지화; 데이터 없으면 오행 입문·확언","planned","template.md","user","편집·낭독 길이·모바일 자막 확인 후 직접 게시"
"2026-11-01","19:30","youtube_shorts","ja","W03-V5","48시간 경과 원본 현지화; 데이터 없으면 오행 입문·확언","planned","template.md","user","편집·낭독 길이·모바일 자막 확인 후 직접 게시"
"2026-11-02","08:30/12:00/20:30","threads_existing_worker","ko","W04-T1","띠별·쉬운 설명·마음 노트","existing_automation_unverified_live","README.md","existing_worker","별도 수동·자동 게시 금지; 실제 공개 이력 확인"
"2026-11-02","12:30","naver_blog","ko","W04-B1","인생 총운에서 먼저 읽을 부분","planned","template.md","user","09:00 원고 알림; 게시 후 URL 기록"
"2026-11-03","08:30/12:00/20:30","threads_existing_worker","ko","W04-T2","띠별·쉬운 설명·마음 노트","existing_automation_unverified_live","README.md","existing_worker","별도 수동·자동 게시 금지; 실제 공개 이력 확인"
"2026-11-03","12:30","naver_blog","ko","W04-B2","나에게 필요한 관계의 거리","planned","template.md","user","09:00 원고 알림; 게시 후 URL 기록"
"2026-11-03","19:30","tiktok","ko","W04-V1","나에게 필요한 관계의 거리","planned","template.md","user","편집·낭독 길이·모바일 자막 확인 후 직접 게시"
"2026-11-03","19:30","youtube_shorts","ko","W04-V1","나에게 필요한 관계의 거리","planned","template.md","user","편집·낭독 길이·모바일 자막 확인 후 직접 게시"
"2026-11-04","08:30/12:00/20:30","threads_existing_worker","ko","W04-T3","띠별·쉬운 설명·마음 노트","existing_automation_unverified_live","README.md","existing_worker","별도 수동·자동 게시 금지; 실제 공개 이력 확인"
"2026-11-04","12:30","naver_blog","ko","W04-B3","월말 지출 돌아보기","planned","template.md","user","09:00 원고 알림; 게시 후 URL 기록"
"2026-11-04","19:30","x","ko","W04-X-ko","월말 지출 돌아보기","planned","template.md","user","본문과 링크 답글 복사; API 불필요"
"2026-11-05","08:30/12:00/20:30","threads_existing_worker","ko","W04-T4","띠별·쉬운 설명·마음 노트","existing_automation_unverified_live","README.md","existing_worker","별도 수동·자동 게시 금지; 실제 공개 이력 확인"
"2026-11-05","12:30","naver_blog","ko","W04-B4","서양 점성술 하우스 입문","planned","template.md","user","09:00 원고 알림; 게시 후 URL 기록"
"2026-11-05","19:30","tiktok","ko","W04-V2","월말 지출 돌아보기","planned","template.md","user","편집·낭독 길이·모바일 자막 확인 후 직접 게시"
"2026-11-05","19:30","youtube_shorts","ko","W04-V2","월말 지출 돌아보기","planned","template.md","user","편집·낭독 길이·모바일 자막 확인 후 직접 게시"
"2026-11-06","08:30/12:00/20:30","threads_existing_worker","ko","W04-T5","띠별·쉬운 설명·마음 노트","existing_automation_unverified_live","README.md","existing_worker","별도 수동·자동 게시 금지; 실제 공개 이력 확인"
"2026-11-06","12:30","naver_blog","ko","W04-B5","다음 달 운세를 읽는 방법","planned","template.md","user","09:00 원고 알림; 게시 후 URL 기록"
"2026-11-06","19:30","tiktok","en","W04-V3","48시간 경과 원본 현지화; 데이터 없으면 오행 입문·확언","planned","template.md","user","편집·낭독 길이·모바일 자막 확인 후 직접 게시"
"2026-11-06","19:30","x","en","W04-X-en","이번 주 영어 영상 주제","planned","template.md","user","본문과 링크 답글 복사; API 불필요"
"2026-11-06","19:30","youtube_shorts","en","W04-V3","48시간 경과 원본 현지화; 데이터 없으면 오행 입문·확언","planned","template.md","user","편집·낭독 길이·모바일 자막 확인 후 직접 게시"
"2026-11-07","08:30/12:00/20:30","threads_existing_worker","ko","W04-T6","띠별·쉬운 설명·마음 노트","existing_automation_unverified_live","README.md","existing_worker","별도 수동·자동 게시 금지; 실제 공개 이력 확인"
"2026-11-07","19:30","tiktok","ko","W04-V4","오늘이 힘들었던 당신에게 남기는 긍정 확언","planned","template.md","user","편집·낭독 길이·모바일 자막 확인 후 직접 게시"
"2026-11-07","19:30","youtube_shorts","ko","W04-V4","오늘이 힘들었던 당신에게 남기는 긍정 확언","planned","template.md","user","편집·낭독 길이·모바일 자막 확인 후 직접 게시"
"2026-11-08","08:30/12:00/20:30","threads_existing_worker","ko","W04-T7","띠별·쉬운 설명·마음 노트","existing_automation_unverified_live","README.md","existing_worker","저녁은 기존 21:10 신년 예약 대체 규칙; 추가 게시 금지"
"2026-11-08","19:30","tiktok","ja","W04-V5","48시간 경과 원본 현지화; 데이터 없으면 오행 입문·확언","planned","template.md","user","편집·낭독 길이·모바일 자막 확인 후 직접 게시"
"2026-11-08","19:30","youtube_shorts","ja","W04-V5","48시간 경과 원본 현지화; 데이터 없으면 오행 입문·확언","planned","template.md","user","편집·낭독 길이·모바일 자막 확인 후 직접 게시"
