itm_id,hangul,hanja,hanja_nfc,romanization_kosis,flags,population_2015
0001,가,價,價,Ga,,14
0002,가,賈,賈,Ga,,9936
0003,간,簡,簡,Gan,,2520
0004,간,間,間,Gan,,5
0005,갈,葛,葛,Gal,,2086
0006,감,甘,甘,Gam,,6024
0007,강,㝩,㝩,Gang,ext_A_or_beyond,5
0008,강,剛,剛,Gang,,9
0009,강,姜,姜,Gang,,1176847
0010,강,康,康,Gang,,91625
0011,강,強,強,Gang,,770
0012,강,江,江,Gang,,34
0013,견,堅,堅,Kyeon,,433
0014,견,甄,甄,Kyeon,,1251
0015,경,京,京,Gyung,,18
0016,경,慶,慶,Gyung,,13012
0017,경,景,景,Gyung,,3923
0018,경,耿,耿,Gyung,,5
0019,계,季,季,Gye,,5
0020,계,桂,桂,Gye,,6636
0021,고,顧,顧,Go,,33
0022,고,高,高,Go,,471396
0023,곡,曲,曲,Gok,,89
0024,곡,谷,谷,Gok,,12
0025,공,公,公,Gong,,471
0026,공,孔,孔,Gong,,91869
0027,곽,廓,廓,Gwak,,171
0028,곽,槨,槨,Gwak,,6
0029,곽,郭,郭,Gwak,,203188
0030,관,管,管,Gwan,,5
0031,관,關,關,Gwan,,15
0032,교,喬,喬,Gyo,,10
0033,교,橋,橋,Gyo,,16
0034,구,丘,丘,Gu,,15382
0035,구,仇,仇,Gu,,5
0036,구,具,具,Gu,,193080
0037,구,邱,邱,Gu,,83
0038,국,國,國,Guk,,37
0039,국,菊,菊,Guk,,43
0040,국,鞠,鞠,Guk,,20547
0041,국,鞫,鞫,Guk,,124
0042,국,麴,麴,Guk,,17
0043,궁,宮,宮,Gung,,15
0044,궁,弓,弓,Gung,,557
0045,궉,鴌,鴌,Kwoong,,183
0046,권,㩲,㩲,Gwon,ext_A_or_beyond,11
0047,권,券,券,Gwon,,10
0048,권,勸,勸,Gwon,,250
0049,권,權,權,Gwon,,705941
0050,근,斤,斤,Geuk,,170
0051,금,琴,琴,Geum,,25432
0052,금,禁,禁,Geum,,7
0053,금,芩,芩,Geum,,8
0054,금,金,金,Geum,,25
0055,기,奇,奇,Ki,,28829
0056,기,寄,寄,Ki,,167
0057,기,箕,箕,Ki,,56
0058,기,紀,紀,Ki,,10
0059,길,吉,吉,Gil,,38173
0060,김,金,金,Kim,,10689959
0061,김,钅,钅,Kim,,8
0062,나,罗,罗,Na,,13
0063,나,羅,羅,Na,,160946
0064,나,蘿,蘿,Na,,33
0065,나,邏,邏,Na,,17
0066,나,那,那,Na,,6
0067,난,欒,欒,Nan,,8
0068,남,南,南,Nam,,275648
0069,남,男,男,Nam,,11
0070,남궁,南宫,南宫,Namgung,,5
0071,남궁,南宮,南宮,Namgung,,21308
0072,낭,浪,浪,Nang,,181
0073,내,乃,乃,Nae,,352
0074,내,奈,奈,Nae,,22
0075,노,努,努,Noh,,6
0076,노,卢,卢,Noh,,15
0077,노,盧,盧,Noh,,256229
0078,노,蘆,蘆,Noh,,195
0079,노,虜,虜,Noh,,51
0080,노,路,路,Noh,,178
0081,노,魯,魯,Noh,,58698
0082,뇌,雷,雷,Noe,,19
0083,다,多,多,Da,,7
0084,단,單,單,Dan,,20
0085,단,段,段,Dan,,1612
0086,담,譚,譚,Dam,,47
0087,당,唐,唐,Dang,,1146
0088,대,代,代,Dae,,14
0089,대,大,大,Dae,,646
0090,대,戴,戴,Dae,,9
0091,도,到,到,Do,,7
0092,도,度,度,Do,,6
0093,도,桃,桃,Do,,6
0094,도,覩,覩,Do,,5
0095,도,道,道,Do,,35
0096,도,都,都,Do,,56850
0097,도,陶,陶,Do,,1037
0098,독,獨,獨,Dok,,17
0099,독고,獨孤,獨孤,Dokgo,,502
0100,돈,頓,頓,Don,,117
0101,동,東,東,Dong,,14
0102,동,童,童,Dong,,136
0103,동,董,董,Dong,,5462
0104,동,蕫,蕫,Dong,,319
0105,동,薫,薫,Dong,,5
0106,동방,東方,東方,Dongbang,,180
0107,두,杜,杜,Du,,6428
0108,등,滕,滕,Deung,,11
0109,등,鄧,鄧,Deung,,9
0110,등정,藤井,藤井,Deungjeong,,5
0111,라,羅,羅,Ra,,25960
0112,라,蘿,蘿,Ra,,7
0113,라,邏,邏,Ra,,7
0114,란,欒,欒,Ran,,10
0115,랑,浪,浪,Rang,,125
0116,려,呂,呂,Ryeo,,19
0117,로,盧,盧,Ro,,9
0118,로,路,路,Ro,,45
0119,로,魯,魯,Ro,,13
0120,뢰,雷,雷,Roe,,19
0121,류,㧕,㧕,Ryu,ext_A_or_beyond,20
0122,류,劉,劉,Ryu,,271
0123,류,柳,柳,Ryu,,163703
0124,리,李,李,Ri,,240
0125,림,林,林,Rim,,47
0126,마,馬,馬,Ma,,38949
0127,마,麻,麻,Ma,,247
0128,만,萬,萬,Man,,124
0129,망절,網切,網切,Mangjeol,,8
0130,매,梅,梅,Mae,,201
0131,맹,孟,孟,Maeng,,22028
0132,명,明,明,Myung,,29110
0133,모,慕,慕,Mo,,17
0134,모,毛,毛,Mo,,361
0135,모,牟,牟,Mo,,21534
0136,목,睦,睦,Mok,,8848
0137,목,穆,穆,Mok,,11
0138,묘,苗,苗,Myo,,21
0139,무,武,武,Mu,,15
0140,무본,武本,武本,Mubon,,6
0141,묵,墨,墨,Muk,,172
0142,문,文,文,Mun,,464040
0143,문,門,門,Mun,,7
0144,미,米,米,Mi,,16
0145,민,悶,悶,Min,,5
0146,민,敏,敏,Min,,7
0147,민,旻,旻,Min,,5
0148,민,民,民,Min,,36
0149,민,珉,珉,Min,,6
0150,민,閔,閔,Min,,171740
0151,박,博,博,Bak,,6
0152,박,朴,朴,Bak,,4192074
0153,반,潘,潘,Ban,,28062
0154,반,班,班,Ban,,161
0155,방,房,房,Bang,,33520
0156,방,方,方,Bang,,94831
0157,방,旁,旁,Bang,,12
0158,방,芳,芳,Bang,,11
0159,방,邦,邦,Bang,,277
0160,방,防,防,Bang,,15
0161,방,龐,龐,Bang,,893
0162,배,培,培,Bae,,6
0163,배,背,背,Bae,,6
0164,배,裵,裵,Bae,,400641
0165,배,輩,輩,Bae,,10
0166,배,配,配,Bae,,6
0167,백,伯,伯,Baek,,12
0168,백,柏,柏,Baek,,6
0169,백,白,白,Baek,,381986
0170,백,百,百,Baek,,443
0171,번,樊,樊,Beon,,6
0172,범,範,範,Beom,,12
0173,범,范,范,Beom,,3826
0174,변,卞,卞,Byeon,,78156
0175,변,變,變,Byeon,,13
0176,변,邊,邊,Byeon,,60633
0177,보,保,保,Bo,,5
0178,보,寶,寶,Bo,,6
0179,보,甫,甫,Bo,,5
0180,복,卜,卜,Bok,,9538
0181,봉,奉,奉,Bong,,12927
0182,봉,鳳,鳳,Bong,,32
0183,부,付,付,Bu,,25
0184,부,傅,傅,Bu,,23
0185,부,夫,夫,Bu,,10536
0186,부,富,富,Bu,,20
0187,비,丕,丕,Bi,,16
0188,빈,彬,彬,Bin,,169
0189,빈,濱,濱,Bin,,6
0190,빈,貧,貧,Bin,,6
0191,빈,賓,賓,Bin,,5593
0192,빈,賔,賔,Bin,,8
0193,빙,氷,氷,Bing,,763
0194,사,史,史,Sa,,10730
0195,사,司,司,Sa,,135
0196,사,沙,沙,Sa,,26
0197,사,舍,舍,Sa,,46
0198,사,謝,謝,Sa,,61
0199,사공,司公,司公,Sagong,,12
0200,사공,司空,司空,Sagong,,4476
0201,산,山,山,San,,9
0202,삼,杉,杉,Sam,,13
0203,삼,森,森,Sam,,25
0204,상,商,商,Sang,,5
0205,상,尙,尙,Sang,,2376
0206,상,尚,尚,Sang,,15
0207,상,常,常,Sang,,20
0208,서,俆,俆,Seo,,383
0209,서,徐,徐,Seo,,751704
0210,서,書,書,Seo,,13
0211,서,緖,緖,Seo,,8
0212,서,西,西,Seo,,125
0213,서문,西問,西問,Seomun,,16
0214,서문,西門,西門,Seomun,,2028
0215,석,席,席,Seok,,7
0216,석,昔,昔,Seok,,11355
0217,석,石,石,Seok,,49203
0218,석,釋,釋,Seok,,42
0219,선,善,善,Seon,,6
0220,선,宣,宣,Seon,,42733
0221,선,鮮,鮮,Seon,,103
0222,선우,蘚于,蘚于,Seonu,,11
0223,선우,鮮于,鮮于,Seonu,,3588
0224,선우,鮮宇,鮮宇,Seonu,,40
0225,선우,鮮牛,鮮牛,Seonu,,9
0226,설,偰,偰,Seol,,2937
0227,설,卨,卨,Seol,,6
0228,설,楔,楔,Seol,,86
0229,설,薛,薛,Seol,,42646
0230,설,辥,辥,Seol,,10
0231,설,雪,雪,Seol,,7
0232,섭,葉,葉,Seop,,75
0233,성,城,城,Seong,,6
0234,성,宬,宬,Seong,,9
0235,성,成,成,Seong,,199124
0236,성,星,星,Seong,,8
0237,성,盛,盛,Seong,,13
0238,소,卲,卲,So,,6
0239,소,小,小,So,,8
0240,소,所,所,So,,5
0241,소,昭,昭,So,,5
0242,소,簫,簫,So,,5
0243,소,肖,肖,So,,76
0244,소,蕭,蕭,So,,15
0245,소,蘇,蘇,So,,52427
0246,소,邵,邵,So,,1309
0247,손,孫,孫,Son,,457303
0248,손,損,損,Son,,8
0249,손,蓀,蓀,Son,,6
0250,손,遜,遜,Son,,39
0251,송,宋,宋,Song,,683494
0252,송,松,松,Song,,18
0253,송,送,送,Song,,9
0254,수,水,水,Su,,8
0255,수,洙,洙,Su,,5
0256,수,隋,隋,Su,,34
0257,순,旬,旬,Sun,,5
0258,순,淳,淳,Sun,,71
0259,순,筍,筍,Sun,,217
0260,순,舜,舜,Sun,,147
0261,순,荀,荀,Sun,,791
0262,순,順,順,Sun,,6
0263,승,承,承,Sung,,2619
0264,승,昇,昇,Sung,,811
0265,시,施,施,Si,,2235
0266,시,時,時,Si,,5
0267,시,柴,柴,Si,,2114
0268,신,伸,伸,Sin,,11
0269,신,信,信,Sin,,12
0270,신,愼,愼,Sin,,51865
0271,신,新,新,Sin,,74
0272,신,申,申,Sin,,741081
0273,신,莘,莘,Sin,,81
0274,신,辛,辛,Sin,,192877
0275,심,心,心,Sim,,37
0276,심,沁,沁,Sim,,185
0277,심,沈,沈,Sim,,271749
0278,심,深,深,Sim,,78
0279,아,阿,阿,A,,529
0280,안,安,安,An,,685639
0281,안,案,案,An,,22
0282,안,顔,顔,An,,27
0283,애,艾,艾,Ae,,24
0284,야,夜,夜,Ya,,77
0285,양,揚,揚,Yang,,214
0286,양,杨,杨,Yang,,7
0287,양,梁,梁,Yang,,460600
0288,양,楊,楊,Yang,,69101
0289,양,樑,樑,Yang,,6
0290,양,樣,樣,Yang,,5
0291,양,洋,洋,Yang,,12
0292,양,粱,粱,Yang,,446
0293,양,陽,陽,Yang,,163
0294,어,漁,漁,Eo,,80
0295,어,魚,魚,Eo,,18849
0296,어금,魚金,魚金,Eogeum,,8
0297,엄,㘙,㘙,Eom,ext_A_or_beyond,6
0298,엄,严,严,Eom,,12
0299,엄,儼,儼,Eom,,217
0300,엄,嚴,嚴,Eom,,144425
0301,여,余,余,Yeo,,20134
0302,여,呂,呂,Yeo,,60522
0303,여,黎,黎,Yeo,,16
0304,연,延,延,Yeon,,34766
0305,연,涎,涎,Yeon,,5
0306,연,燕,燕,Yeon,,20
0307,연,連,連,Yeon,,59
0308,염,廉,廉,Yeom,,69387
0309,염,簾,簾,Yeom,,17
0310,염,閻,閻,Yeom,,24
0311,엽,葉,葉,Yeop,,571
0312,영,影,影,Yeong,,10
0313,영,榮,榮,Yeong,,14
0314,예,倪,倪,Ye,,6
0315,예,禮,禮,Ye,,7
0316,예,芮,芮,Ye,,13568
0317,예,藝,藝,Ye,,6
0318,오,五,五,O,,6
0319,오,伍,伍,O,,22
0320,오,吳,吳,O,,763281
0321,오,吾,吾,O,,19
0322,오,晤,晤,O,,6
0323,옥,玉,玉,Ok,,25107
0324,온,溫,溫,On,,5418
0325,옹,邕,邕,Ong,,837
0326,옹,雍,雍,Ong,,130
0327,완,阮,阮,Wan,,6
0328,왕,汪,汪,Wang,,16
0329,왕,王,王,Wang,,25565
0330,요,姚,姚,Yo,,29
0331,용,龍,龍,Yong,,15276
0332,우,于,于,U,,756
0333,우,偶,偶,U,,6
0334,우,宇,宇,U,,48
0335,우,寓,寓,U,,173
0336,우,尤,尤,U,,5
0337,우,愚,愚,U,,11
0338,우,牛,牛,U,,11
0339,우,禹,禹,U,,194713
0340,우,遇,遇,U,,6
0341,운,芸,芸,Un,,21
0342,운,雲,雲,Un,,97
0343,원,元,元,Won,,129522
0344,원,原,原,Won,,54
0345,원,圓,圓,Won,,13
0346,원,苑,苑,Won,,21
0347,원,袁,袁,Won,,498
0348,원,阮,阮,Won,,45
0349,원,院,院,Won,,21
0350,위,偉,偉,Wi,,7
0351,위,衛,衛,Wi,,8
0352,위,韋,韋,Wi,,834
0353,위,魏,魏,Wi,,31342
0354,유,兪,兪,Yu,,167927
0355,유,劉,劉,Yu,,302511
0356,유,庾,庾,Yu,,13868
0357,유,有,有,Yu,,27
0358,유,杻,杻,Yu,,28
0359,유,枊,枊,Yu,,121
0360,유,柳,柳,Yu,,478990
0361,유,楡,楡,Yu,,12
0362,유,由,由,Yu,,8
0363,유,裕,裕,Yu,,6
0364,육,陸,陸,Yuk,,23455
0365,윤,允,允,Yun,,11
0366,윤,尹,尹,Yun,,1020547
0367,윤,潤,潤,Yun,,6
0368,은,恩,恩,Eun,,13
0369,은,慇,慇,Eun,,5
0370,은,殷,殷,Eun,,16894
0371,은,銀,銀,Eun,,15
0372,음,陰,陰,Eum,,5604
0373,이,㛅,㛅,Lee,ext_A_or_beyond,5
0374,이,伊,伊,Lee,,23
0375,이,利,利,Lee,,19
0376,이,怡,怡,Lee,,7
0377,이,李,李,Lee,,7306828
0378,이,異,異,Lee,,339
0379,이,李,李,Lee,compat_ideograph,16
0380,인,印,印,In,,22363
0381,임,任,任,Im,,191261
0382,임,壬,壬,Im,,13
0383,임,恁,恁,Im,,5
0384,임,林,林,Im,,823921
0385,자,慈,慈,Ja,,75
0386,장,場,場,Jabg,,27
0387,장,壯,壯,Jabg,,7
0388,장,將,將,Jabg,,109
0389,장,庄,庄,Jabg,,7
0390,장,张,张,Jabg,,5
0391,장,張,張,Jabg,,992721
0392,장,漿,漿,Jabg,,5
0393,장,章,章,Jabg,,5764
0394,장,臧,臧,Jabg,,13
0395,장,莊,莊,Jabg,,445
0396,장,葬,葬,Jabg,,9
0397,장,蔣,蔣,Jabg,,21508
0398,장,藏,藏,Jabg,,53
0399,장,裝,裝,Jabg,,25
0400,장,長,長,Jabg,,409
0401,전,全,全,Jeon,,559110
0402,전,戰,戰,Jeon,,9
0403,전,田,田,Jeon,,186469
0404,전,錢,錢,Jeon,,3678
0405,점,占,占,Jeom,,158
0406,정,丁,丁,Jeong,,243803
0407,정,定,定,Jeong,,29
0408,정,情,情,Jeong,,5
0409,정,政,政,Jeong,,139
0410,정,桯,桯,Jeong,,41
0411,정,正,正,Jeong,,22
0412,정,程,程,Jeong,,11683
0413,정,鄭,鄭,Jeong,,2151879
0414,제,諸,諸,Je,,21976
0415,제,齊,齊,Je,,12
0416,제갈,諸*,諸*,Jegal,non_cjk:*,64
0417,제갈,諸曷,諸曷,Jegal,,11
0418,제갈,諸渴,諸渴,Jegal,,5
0419,제갈,諸葛,諸葛,Jegal,,5655
0420,조,刁,刁,Jo,,9
0421,조,曺,曺,Jo,,398260
0422,조,朝,朝,Jo,,9
0423,조,調,調,Jo,,78
0424,조,赵,赵,Jo,,15
0425,조,趙,趙,Jo,,1055567
0426,조,造,造,Jo,,33
0427,종,宗,宗,Jong,,6
0428,종,鍾,鍾,Jong,,675
0429,좌,佐,佐,Jwa,,5
0430,좌,左,左,Jwa,,3378
0431,주,主,主,Ju,,33
0432,주,周,周,Ju,,37240
0433,주,朱,朱,Ju,,194766
0434,주,株,株,Ju,,7
0435,주,珠,珠,Ju,,17
0436,증,增,增,Jeung,,9
0437,증,曾,曾,Jeung,,9
0438,지,地,地,Ji,,568
0439,지,智,智,Ji,,6070
0440,지,池,池,Ji,,153491
0441,지,遲,遲,Ji,,18
0442,진,䄅,䄅,Jin,ext_A_or_beyond,11
0443,진,晋,晋,Jin,,7566
0444,진,珍,珍,Jin,,13
0445,진,眞,眞,Jin,,45
0446,진,秦,秦,Jin,,19301
0447,진,蔯,蔯,Jin,,14
0448,진,進,進,Jin,,14
0449,진,陈,陈,Jin,,7
0450,진,陣,陣,Jin,,1740
0451,진,陳,陳,Jin,,157599
0452,차,次,次,Cha,,6
0453,차,車,車,Cha,,194782
0454,창,倉,倉,Chang,,187
0455,창,昌,昌,Chang,,908
0456,채,菜,菜,Chae,,186
0457,채,蔡,蔡,Chae,,131557
0458,채,采,采,Chae,,14
0459,천,千,千,Cheon,,121780
0460,천,天,天,Cheon,,141
0461,천,川,川,Cheon,,6
0462,초,初,初,Cho,,36
0463,초,楚,楚,Cho,,200
0464,총,叢,叢,Chong,,27
0465,최,催,催,Choe,,6582
0466,최,寉,寉,Choe,,49
0467,최,崔,崔,Choe,,2333927
0468,최,最,最,Choe,,24
0469,추,秋,秋,Chu,,60483
0470,추,鄒,鄒,Chu,,78
0471,탁,卓,卓,Tak,,21099
0472,탄,彈,彈,Tan,,149
0473,탕,湯,湯,Tang,,5
0474,태,太,太,Tae,,9063
0475,태,泰,泰,Tae,,10
0476,판,判,判,Pan,,278
0477,팽,彭,彭,Paeng,,2935
0478,편,片,片,Pyeon,,16689
0479,평,平,平,Pyeong,,515
0480,포,包,包,Po,,57
0481,표,俵,俵,Pyo,,6
0482,표,表,表,Pyo,,30743
0483,풍,馮,馮,Pung,,651
0484,피,皮,皮,Pi,,6578
0485,필,弼,弼,Pil,,121
0486,필,畢,畢,Pil,,53
0487,하,何,何,Ha,,105
0488,하,夏,夏,Ha,,2475
0489,하,河,河,Ha,,230481
0490,하,荷,荷,Ha,,5
0491,하,賀,賀,Ha,,40
0492,학,郝,郝,Hak,,35
0493,한,恨,恨,Han,,5
0494,한,汗,汗,Han,,8
0495,한,漢,漢,Han,,120
0496,한,韓,韓,Han,,773404
0497,함,咸,咸,Ham,,80659
0498,해,海,海,Hae,,146
0499,해,解,解,Hae,,9
0500,허,許,許,Heo,,326770
0501,허,许,许,Heo,,12
0502,현,玄,玄,Hyeon,,88824
0503,현,賢,賢,Hyeon,,7
0504,형,刑,刑,Hyeong,,61
0505,형,形,形,Hyeong,,28
0506,형,邢,邢,Hyeong,,7239
0507,호,扈,扈,Ho,,4340
0508,호,湖,湖,Ho,,5
0509,호,胡,胡,Ho,,1494
0510,호,虎,虎,Ho,,6
0511,호,鎬,鎬,Ho,,8
0512,홍,㤨,㤨,Hong,ext_A_or_beyond,10
0513,홍,䜤,䜤,Hong,ext_A_or_beyond,38
0514,홍,哄,哄,Hong,,9
0515,홍,弘,弘,Hong,,18
0516,홍,洪,洪,Hong,,558853
0517,홍,烘,烘,Hong,,57
0518,홍,紅,紅,Hong,,9
0519,화,化,化,Hwa,,915
0520,황,晃,晃,Hwang,,6
0521,황,潢,潢,Hwang,,48
0522,황,煌,煌,Hwang,,5
0523,황,皇,皇,Hwang,,232
0524,황,簧,簧,Hwang,,5
0525,황,荒,荒,Hwang,,8
0526,황,黃,黃,Hwang,,697171
0527,황목,荒木,荒木,Hwangmok,,5
0528,황보,皇甫,皇甫,Hwangbo,,10383
0529,황보,黃甫,黃甫,Hwangbo,,44
0530,후,侯,侯,Hu,,55
0531,후,候,候,Hu,,13
0532,후,后,后,Hu,,6
8888,기타,기타,기타,Others,non_cjk:기;non_cjk:타,91107
